날짜,시가,고가,저가,종가,거래량,거래대금
2020-03-10,10976.39,11270.91,10889.22,11270.82,71383494,892745936027
2020-03-11,11447.27,11451.99,10808.03,10922.04,66122078,767945959278
2020-03-12,10843.7,11021.96,10453.72,10699.76,80705912,984432874665
2020-03-13,10271.38,10597.55,9507.49,10294.39,108169309,1664502454911
2020-03-16,10661.15,10661.15,9938.91,9938.91,75300085,1159648687910
2020-03-17,9579.96,10086.21,9547.72,9898.02,62188466,1073040486791
2020-03-18,10056.82,10078.73,9416.76,9416.76,122733307,1343810074012
2020-03-19,9749.48,9749.48,8384.67,8545.51,68537356,1245511499459
2020-03-20,8916.6,9547.28,8733.22,9510.22,82463267,1324250845838
2020-03-23,9127.57,10226.1,9068.8,9914.42,95367121,2128167984260
2020-03-24,10207.07,10712.08,10207.07,10622.62,83989377,1698393988823
2020-03-25,10925.04,10978.06,10424.97,10716.62,108327489,1787343504559
2020-03-26,10656.56,10932.32,10521.12,10633.74,163313031,2391200848759
2020-03-27,10960.28,11097.04,10348.64,10683.34,252023942,3373939311657
2020-03-30,10555.4,10932.41,10555.4,10925.2,138502065,1872968367760
2020-03-31,11076.43,12335.26,11025.79,12262.83,174250881,4875250780722
2020-04-01,12299.99,12393.2,11204.31,11246.13,117988104,2880673007375
2020-04-02,10975.01,11353.72,10820.36,11282.09,89241588,2667875185655
2020-04-03,11242.25,11803.84,11226.58,11409.99,141072990,2470035527375
2020-04-06,11690.13,12027.56,11657.44,11921.1,115922121,1907637376647
2020-04-07,11982.96,12040.96,11773.54,12024.41,73293784,1574524419738
2020-04-08,12056.33,12094.97,11906.24,11906.24,144547336,2481109288979
2020-04-09,12079.19,12155.03,11954.75,12048.02,169387277,2034088048634
2020-04-10,12411.93,13254.09,12111.48,12771.94,139792939,3638560602790
2020-04-13,12968.46,13077.53,12646.36,12646.36,69837493,2321330375525
2020-04-14,12778.43,12955.76,12477.64,12746.78,135497967,3063480764810
2020-04-16,12621.91,12832.47,12621.91,12685.75,97263945,2175280816124
2020-04-17,12838.24,12886.31,12459.05,12854.11,100089882,2405841692985
2020-04-20,12806.87,13032.19,12726.38,12967.02,190818077,3303129469594
2020-04-21,13066.52,13236.9,12612.51,13033.61,115106359,2757674213423
2020-04-22,12942.81,13268.31,12942.81,13091.84,72095559,1761626226283
2020-04-23,13161.32,13382.79,13035.54,13323.27,51111605,1556362730979
2020-04-24,13261.03,13352.33,13031.68,13104.9,147972010,1593196888183
2020-04-27,13188.25,13251.24,13059.22,13135.63,109591460,1044329148340
2020-04-28,13156.41,13243.16,12974.92,13036.17,214911609,1239142399832
2020-04-29,13032.65,13078.57,12928.73,12996.52,92355736,935993650522
2020-05-04,12867.34,12906.0,12626.62,12626.62,102192013,1692205695839
2020-05-06,12761.88,12939.07,12600.13,12911.67,61812530,1091166345525
2020-05-07,12881.03,12918.99,12765.6,12781.86,60439844,790425021241
2020-05-08,12918.61,13311.69,12910.86,13178.65,47564946,982865720686
2020-05-11,13314.07,13341.05,13134.38,13178.8,41073011,872050487171
2020-05-12,13260.46,13402.52,13180.13,13294.65,90143054,1462063908517
2020-05-13,13251.95,13610.17,13242.51,13591.91,49337134,1068684865581
2020-05-14,13549.64,13620.87,13376.36,13620.87,75088198,1741021559147
2020-05-15,13693.46,13753.21,13463.19,13577.91,145890561,1825114922359
2020-05-18,13750.69,13916.51,13406.4,13440.71,126194017,1995086167366
2020-05-19,13573.67,13573.67,13301.61,13394.96,87309768,1758321814942
2020-05-20,13385.73,13552.44,13370.55,13507.2,46024769,876860153488
2020-05-21,13519.17,13637.64,13381.15,13607.1,34380819,725879685251
2020-05-22,13880.4,13910.65,13488.01,13608.56,90422200,1505393735581
2020-05-25,13634.75,13783.35,13599.51,13741.94,65811567,1061194151203
2020-05-26,13817.72,13903.28,13662.35,13895.57,121036786,1562035037231
2020-05-27,13799.42,13876.15,13644.02,13667.49,72908427,1154356848335
2020-05-28,13596.72,13679.27,13238.1,13496.68,99336222,1356458233102
2020-05-29,13583.83,13752.98,13502.23,13662.77,120536137,2592514086469
2020-06-01,13719.08,14132.72,13684.4,14044.29,50853877,1773477037471
2020-06-02,14085.54,14106.58,13862.32,13998.75,36247559,967952422644
2020-06-03,14171.01,14251.74,13901.88,14012.57,61083220,1679082370340
2020-06-04,14087.22,14597.33,13961.91,14597.25,33426342,1617878493749
2020-06-05,14517.24,15189.72,14500.62,15097.86,81850586,3013109755928
2020-06-08,15301.46,15301.46,14950.95,15216.95,88447280,3014595517620
2020-06-09,15450.55,15746.22,15218.45,15702.3,141490604,4485750398186
2020-06-10,15762.56,16116.33,15717.51,16078.48,132330371,4048047849813
2020-06-11,16511.79,17328.1,16422.03,16889.38,139852080,3912298242077
2020-06-12,16372.29,17696.97,16368.83,17547.07,113063854,3876393945047
2020-06-15,17910.73,18180.33,16423.81,16907.64,194520962,4697552133641
2020-06-16,17538.42,17718.61,17412.32,17676.17,92517871,2789824737782
2020-06-17,17718.05,17990.0,17228.83,17618.87,134371790,3375804546514
2020-06-18,17775.19,17788.85,17433.48,17470.01,89801084,2442436421947
2020-06-19,17558.34,17558.34,16964.73,17332.01,52723380,1680708063248
2020-06-22,17265.31,17540.17,17154.62,17356.64,31488841,1155866274015
2020-06-23,17594.19,18008.45,17379.5,17771.05,46773278,2440906977014
2020-06-24,18129.21,18294.68,17838.22,17956.5,79919741,2368718860582
2020-06-25,17849.28,18113.98,17768.17,17844.74,157111577,1356117044502
2020-06-26,18012.24,18012.24,17412.56,17671.92,65897789,1253682907909
2020-06-29,17733.34,17829.85,17332.13,17332.13,39834069,1084886017374
2020-06-30,17420.57,17448.37,16940.62,17125.94,42501515,1492505389208
2020-07-01,17180.07,17280.91,16706.53,16725.46,30430424,986316694224
2020-07-02,16924.67,17400.16,16924.67,17282.53,34073103,1041769136159
2020-07-03,17400.13,17412.34,16922.61,17210.0,33079468,1204622837724
2020-07-06,17165.15,17232.43,16938.7,17012.76,28898758,1107822982162
2020-07-07,16999.58,17269.15,16843.73,17033.47,70272129,2315270967895
2020-07-08,17147.6,17183.03,16806.4,16912.79,48087828,1549206974841
2020-07-09,17227.74,17354.55,17054.98,17197.01,35236060,1417047716480
2020-07-10,17341.91,17352.39,16997.93,17200.74,62453708,2519359116280
2020-07-13,17324.18,17472.52,17081.38,17429.61,41228991,2034432360730
2020-07-14,17423.44,17759.33,17295.29,17450.65,77675354,2628117922667
2020-07-15,17659.46,17659.46,17215.05,17394.98,100203456,2846413363313
2020-07-16,17317.06,17403.44,17068.43,17157.0,44435717,1366916235336
2020-07-17,17239.72,17650.55,17088.66,17617.21,75626755,2931716514456
2020-07-20,17855.44,18006.32,17766.3,17825.94,120043536,4133933769146
2020-07-21,17973.61,18278.23,17847.49,17989.81,159584045,4175677089949
2020-07-22,18075.26,18653.42,17890.76,18638.17,120069221,4210147334427
2020-07-23,18662.69,18888.37,18504.02,18697.35,267737094,5148281495745
2020-07-24,18605.18,19255.53,18414.58,18414.58,273259618,5684621527791
2020-07-27,18408.2,18467.44,17958.17,17984.94,131492020,3565996182022
2020-07-28,18282.08,18332.66,17938.21,18086.51,118811964,4898369173843
2020-07-29,17989.66,18006.34,17527.63,17594.7,95550856,3544369883183
2020-07-30,17460.27,17687.06,17141.15,17532.08,64198520,3307920391356
2020-07-31,17557.06,17758.35,17331.91,17331.91,82665580,2458573194699
2020-08-03,17295.74,17535.88,16930.2,17472.45,61152250,2276104312523
2020-08-04,17543.2,17814.21,17392.78,17763.84,112865858,3877569731790
2020-08-05,17972.53,18929.92,17944.67,18888.69,156079501,6067455245385
2020-08-06,19202.43,19242.5,18654.35,18715.55,97721615,4359272106297
2020-08-07,18772.0,18795.17,18377.76,18600.58,91674878,2162043698746
2020-08-10,18610.94,18792.92,18410.71,18612.15,76307632,2353554577090
2020-08-11,18901.46,19229.2,18735.39,18923.2,65889593,2898788016966
2020-08-12,19057.1,19226.11,18791.41,18899.83,66555683,2599180065455
2020-08-13,18880.87,19136.73,18568.43,18758.69,68463327,2040788673145
2020-08-14,18621.17,18817.97,18221.27,18475.8,115060464,2339608902454
2020-08-18,18619.21,19022.73,18244.69,18396.91,143317959,2631968720000
2020-08-19,18755.07,18893.89,18531.47,18657.0,61849679,1746128734100
2020-08-20,18645.1,19146.8,18572.15,18683.87,145089108,4060292253405
2020-08-21,18859.24,18859.24,18302.71,18559.04,140047285,3549907242140
2020-08-24,18745.4,19103.01,18606.22,19103.01,124979468,3278404459225
2020-08-25,19100.44,19261.06,18900.92,19234.34,125403115,3616475965205
2020-08-26,19413.25,19612.59,19230.45,19329.46,123517638,3425280416930
2020-08-27,19321.29,19385.87,19009.32,19034.95,160166182,4223868857030
2020-08-28,19174.3,19199.23,18926.55,18994.31,104607209,2660784791455
2020-08-31,19063.69,19116.86,18754.04,18913.09,103950514,3361109667135
2020-09-01,19008.68,19265.38,18945.37,19077.76,192372204,4294009283205
2020-09-02,19210.88,19276.71,18978.93,19218.83,253409333,4297223145525
2020-09-03,19177.99,19449.59,19177.99,19321.95,206516527,3821004510610
2020-09-04,18827.82,19146.3,18804.81,19072.26,217280291,3997618784930
2020-09-07,19096.8,19337.92,19050.84,19337.92,63253159,1790027150195
2020-09-08,19282.75,19555.14,19068.3,19482.17,72931212,3165839518575
2020-09-09,19102.4,19349.69,18790.6,18801.46,61821183,2205127511695
2020-09-10,18928.38,18993.6,18713.46,18895.58,80232586,2436143431430
2020-09-11,18877.02,19078.72,18805.02,18975.67,64863035,2408533132260
2020-09-14,19096.53,19096.77,18857.11,18882.86,44715523,1173830204850
2020-09-15,18916.37,19114.51,18859.1,19012.66,36362812,1053394361935
2020-09-16,19123.32,19240.97,19008.99,19107.16,55898946,1701477721005
2020-09-17,19134.35,19150.3,18704.09,18717.32,37782216,1376376856250
2020-09-18,18919.23,19094.59,18757.59,19089.55,62724552,4329348820115
2020-09-21,19289.03,19301.75,18559.5,18647.22,87334158,4225624291055
2020-09-22,18975.69,18975.69,17825.93,17937.22,98467282,5972327416775
2020-09-23,18088.78,18124.32,17352.75,17601.66,66737262,3337136523595
2020-09-24,17208.76,17408.03,16625.1,16649.88,62360766,2504248614805
2020-09-25,16891.75,17170.87,16647.47,16701.96,78947751,2118186637965
2020-09-28,17039.47,17039.47,16658.22,16771.63,35006944,1964677765670
2020-09-29,16940.43,16952.02,16727.56,16893.67,109459570,1863592168790
2020-10-05,17087.99,17133.66,16735.6,16855.73,94173093,1733355474355
2020-10-06,16917.61,17298.23,16875.77,17274.13,77051155,1700790402490
2020-10-07,17256.01,17486.08,17256.01,17452.81,56111886,1455956405915
2020-10-08,17621.98,17760.73,17452.76,17458.62,91154371,1462708228370
2020-10-12,17565.58,17690.86,17442.55,17650.78,52005008,1166551080120
2020-10-13,17722.49,17729.52,17432.64,17478.91,41807433,1112236060540
2020-10-14,17430.03,17455.59,17163.78,17163.78,88341206,1438027756275
2020-10-15,17166.54,17249.78,16736.47,16831.58,43599390,1220364226565
2020-10-16,16744.45,16890.39,16484.3,16598.19,40729378,1076785958120
2020-10-19,16782.54,16869.34,16625.18,16631.19,33346247,1161192294545
2020-10-20,16515.71,16594.48,16033.17,16336.15,28842968,1099887832285
2020-10-21,16339.55,16476.93,16200.6,16461.44,25427234,1043034041955
2020-10-22,16371.09,16425.56,15944.83,15996.93,24501744,1022911589325
2020-10-23,16118.25,16129.05,15806.86,15947.99,61832199,2252071882850
2020-10-26,16137.59,16353.0,15657.61,15707.51,29734948,1222500405400
2020-10-27,15604.25,16095.44,15537.85,15631.36,25920691,1025318858075
2020-10-28,15681.82,15920.3,15675.12,15893.55,27571701,1181118856480
2020-10-29,15678.63,16781.6,15678.63,16715.43,43748618,2116244727285
2020-10-30,16626.28,16810.95,16231.37,16231.37,32746878,1661178791725
2020-11-02,16419.5,16513.87,16262.21,16489.48,20987396,806099396490
2020-11-03,16682.01,17136.8,16632.39,17103.65,31051383,2019577007030
2020-11-04,17412.36,17702.77,17241.52,17658.81,26110541,2253122755030
2020-11-05,18018.95,18312.86,17914.06,18228.75,22906212,1451395909660
2020-11-06,18190.13,18376.98,18034.0,18304.87,31016427,1797055217175
2020-11-09,18393.81,18546.9,18266.59,18360.56,29192979,1871239012015
2020-11-10,18430.99,18517.75,18041.88,18071.25,50213114,2356040474100
2020-11-11,18127.16,18537.44,17953.04,18384.97,62218899,2884041579980
2020-11-12,18387.93,18387.93,18067.2,18104.01,78860149,2097300805620
2020-11-13,17999.08,18403.76,17682.35,18216.65,63773127,3042451981340
2020-11-16,18303.78,18473.17,18206.97,18222.35,29853942,1482699861985
2020-11-17,18091.69,18436.96,18047.37,18302.92,59001726,2192361260270
2020-11-18,18537.27,18912.64,18468.7,18800.27,41299850,1899206433485
2020-11-19,18997.57,19109.05,18824.01,18969.82,114636106,2401408446925
2020-11-20,18957.61,19077.98,18800.56,19024.29,86880887,2823558457555
2020-11-23,19185.19,19258.76,19081.94,19096.0,126534001,2578395342580
2020-11-24,19148.72,19148.72,18867.11,19003.7,72613025,2294201892275
2020-11-25,19050.55,20549.41,19003.12,19474.5,75881148,5516665850640
2020-11-26,19691.01,19707.22,19419.62,19553.13,47165498,2540353681395
2020-11-27,19598.79,19711.41,19549.45,19696.93,31277953,1364387473340
2020-11-30,19875.27,20146.05,19741.48,19761.92,62405035,3301981093640
2020-12-01,19980.3,20126.75,19898.66,20076.61,62145766,2995770035740
2020-12-02,20083.17,20404.2,19928.82,20386.2,74955412,4055457345355
2020-12-03,20361.53,20550.92,20274.71,20533.3,46729639,2783388894705
2020-12-04,20606.78,21400.19,20603.83,21351.09,85883069,3964508815950
2020-12-07,21450.35,22448.17,21450.35,22448.17,58710880,4328118324405
2020-12-08,22315.79,22328.59,20719.16,20745.76,52633657,3762649086990
2020-12-09,20762.48,21197.72,20208.63,20772.65,89391797,3150846410145
2020-12-10,20772.46,21165.72,20450.62,20911.81,59554526,3109200149155
2020-12-11,21244.12,21244.12,20736.51,20763.17,67541033,4174843345215
2020-12-14,20770.17,20972.76,20649.91,20814.92,111205965,4537329918210
2020-12-15,20815.38,20928.01,20264.78,20600.94,100165391,3816808620100
2020-12-16,20685.16,20813.51,20498.6,20543.9,45774573,2043617834170
2020-12-17,20561.52,20611.08,20398.31,20580.53,45477574,2731005982645
2020-12-18,20651.18,20953.64,20635.96,20909.15,102309846,5678529827875
2020-12-21,20841.62,21649.81,20841.62,21481.81,188081950,7340824183260
2020-12-22,21489.42,21615.87,20866.36,20866.36,274036909,6791016356590
2020-12-23,20848.92,21091.65,20273.05,20279.98,188205955,4165372500985
2020-12-24,20292.85,20418.74,19914.25,20133.35,92455180,4283100981195
2020-12-28,20201.46,20448.81,19515.04,19697.49,116322256,5305125328990
2020-12-29,19812.62,20977.49,19812.62,20928.1,133981158,4404894166405
2020-12-30,20952.37,21228.05,20783.2,21085.04,74649996,3072065794440
2021-01-04,21047.99,21145.93,20590.42,21038.09,45435270,2915993092880
2021-01-05,21032.98,21214.41,20678.56,21192.45,64534903,2768882316665
2021-01-06,21236.84,21451.27,21095.76,21118.07,258237835,4490706379280
2021-01-07,21127.03,21319.0,21029.94,21258.37,126099648,2627459168280
2021-01-08,21314.34,21594.87,21072.52,21486.8,60812965,2351260308575
2021-01-11,21667.57,21961.88,21026.76,21412.9,75371363,3075415445115
2021-01-12,21409.9,21833.38,20869.7,21289.03,80084945,2835368893795
2021-01-13,21182.57,21395.42,21030.54,21335.86,37667400,1738551840585
2021-01-14,21270.7,21270.7,20711.64,20800.12,62657655,3699129754465
2021-01-15,20829.36,20844.72,20096.4,20142.19,93510104,2604485699930
2021-01-18,20029.39,20387.52,19357.95,19357.95,160480977,2361070028255
2021-01-19,19288.48,19599.84,18835.65,19396.93,67816771,2441268988905
2021-01-20,19387.98,19734.75,19374.11,19463.24,54929661,1627377470170
2021-01-21,19533.33,19670.13,19408.15,19531.92,51176536,1394052948590
2021-01-22,19563.18,19697.28,19317.19,19449.68,111202123,1431512830935
2021-01-25,19435.85,19859.17,19435.85,19791.44,69555481,1889685715724
2021-01-26,19796.34,20392.77,19796.34,19877.35,85021058,2397222822055
2021-01-27,19880.54,20532.42,19842.41,20370.66,41346290,1945861759645
2021-01-28,20138.61,20365.26,19791.59,20176.59,31517673,1560431943100
2021-01-29,20172.87,20261.29,19238.72,19286.05,55145962,2104254657220
2021-02-01,19274.64,20605.53,19274.64,20506.91,48044533,3411248155945
2021-02-02,20524.12,20627.61,20054.43,20336.05,29029797,1539327855790
2021-02-03,20390.22,20455.52,19884.12,20180.78,47557182,1852711570830
2021-02-04,20196.94,20196.94,19735.86,19834.55,28165500,1231703807940
2021-02-05,19845.17,20120.73,19645.39,19865.86,35566664,1687829638045
2021-02-08,19885.7,20097.77,19587.04,19587.04,21846490,914377383165
2021-02-09,19591.92,19678.71,19430.45,19430.45,19482050,878456067165
2021-02-10,19433.03,19514.3,19273.52,19483.89,20500346,920721381720
2021-02-15,19552.49,19743.37,19539.47,19590.42,22588403,990372035780
2021-02-16,19600.57,19648.27,19292.79,19317.91,25156287,903865664275
2021-02-17,19322.25,19322.25,18903.32,19078.27,32315059,1057032340510
2021-02-18,19094.45,19253.29,18809.4,18809.67,23247476,697370891565
2021-02-19,18820.8,18974.56,18473.95,18973.93,42205954,1047556721550
2021-02-22,18987.95,19120.0,18670.27,18677.77,25843939,1183231618510
2021-02-23,18668.81,18686.47,18128.88,18128.88,24520798,1005387825473
2021-02-24,18138.66,18404.14,17599.62,17599.62,24771351,1082416639640
2021-02-25,17799.17,18597.34,17796.84,18550.82,56066093,1077165728425
2021-02-26,18385.8,18385.8,17927.13,18113.52,51318546,1683399063165
2021-03-02,18129.23,18574.39,17902.23,18010.52,54771713,1864307250390
2021-03-03,17985.72,18364.05,17968.28,18336.18,32995240,1063037894488
2021-03-04,18313.12,18313.12,17990.26,18163.94,35219156,1075342246435
2021-03-05,18011.2,18024.36,17690.83,17835.46,25138726,1028511445080
2021-03-08,17850.22,17967.37,17274.08,17274.08,22657752,841901440385
2021-03-09,17187.7,17297.38,16796.63,17037.34,26756279,893292778650
2021-03-10,17041.67,17394.69,16949.25,16958.91,16770504,567803334610
2021-03-11,16962.14,17521.58,16962.14,17384.1,14654511,652144210090
2021-03-12,17390.8,17985.95,17390.8,17804.97,13372383,565504911900
2021-03-15,17764.68,17764.68,17512.74,17608.14,62085906,541502794900
2021-03-16,17623.91,18053.45,17623.91,17977.93,33470496,982498455805
2021-03-17,18012.57,18077.04,17738.17,17907.9,37257489,1769310591779
2021-03-18,18047.86,18104.81,17810.92,17810.92,24443465,1170455589665
2021-03-19,17804.49,17945.2,17599.46,17614.21,34381002,3295149584160
2021-03-22,17620.34,17703.31,17431.75,17466.98,30964347,1292982787810
2021-03-23,17514.06,17949.98,17304.64,17328.36,28197059,1519352190270
2021-03-24,17300.41,17480.32,17224.62,17393.73,25500740,815878115950
2021-03-25,17393.65,17525.73,17305.75,17454.96,16780503,793165951710
2021-03-26,17449.02,17678.24,17393.02,17584.61,30350215,780635465300
2021-03-29,17915.69,18100.61,17682.05,17972.15,27511752,1166475883400
2021-03-30,17917.05,18029.14,17839.34,17894.32,20800138,624518074905
2021-03-31,17882.28,18076.32,17756.1,17813.7,33183411,800996577625
2021-04-01,17781.94,17862.96,17613.51,17773.4,17292613,656436326365
2021-04-02,17801.97,17845.39,17575.47,17637.06,12177691,514264784680
2021-04-05,17579.11,17606.47,17278.3,17463.9,13168989,573681880005
2021-04-06,17481.88,17502.22,17275.8,17322.86,12091623,538107847447
2021-04-07,17326.36,17686.2,17243.62,17511.42,14938530,520318874885
2021-04-08,17456.48,17800.81,17381.37,17763.49,27223626,893229369795
2021-04-09,17775.8,17983.74,17775.8,17899.0,19587942,729533577185
2021-04-12,17906.89,18134.38,17830.69,18120.27,24732967,732984894675
2021-04-13,18201.72,18449.44,18164.19,18413.94,44352206,1230578514455
2021-04-14,18422.94,18530.99,18341.15,18426.79,53957588,1360927510105
2021-04-15,18419.64,18653.95,18224.11,18507.49,37799561,1723052875105
2021-04-16,18580.59,18789.45,18367.26,18725.87,39169286,1532933009845
2021-04-19,18729.81,19222.93,18723.77,18931.36,44715598,2353606734565
2021-04-20,18870.15,18998.84,18758.42,18792.67,23000519,1120926370205
2021-04-21,18720.41,18801.16,18537.89,18691.32,47701606,2143359741825
2021-04-22,18700.76,18700.76,18322.46,18327.43,27084008,1222097488850
2021-04-23,18330.66,18571.62,18267.74,18496.77,39783193,1356717764245
2021-04-26,18560.68,18608.24,18382.08,18484.72,41900344,1509999472995
2021-04-27,18490.43,18571.77,18066.17,18085.52,35816434,1707674922215
2021-04-28,18162.29,18255.25,17870.85,17907.91,58860743,2311330832279
2021-04-29,17846.22,18036.07,17694.49,17706.97,46707829,1628853659285
2021-04-30,17707.51,17847.55,17585.31,17641.55,70736787,2469230094815
2021-05-03,17631.4,17631.4,16828.71,16878.02,34324557,1653167565275
2021-05-04,16836.45,17093.56,16497.79,17068.34,26826131,1432019064633
2021-05-06,17029.96,17244.59,16959.31,17178.64,17499089,940280550690
2021-05-07,17227.52,17886.55,17227.52,17690.05,39219968,1252715425180
2021-05-10,17708.26,18217.77,17708.26,18162.97,82645067,1991088115680
2021-05-11,18148.26,18148.26,17785.99,17917.36,47219498,1362414953625
2021-05-12,17893.39,18241.67,17849.74,17996.99,103331352,2008803165210
2021-05-13,17947.41,18506.2,17757.0,18051.92,48257705,1654695407985
2021-05-14,18047.88,18843.05,18047.88,18843.05,77908765,2006549783370
2021-05-17,18747.88,18831.65,18362.77,18423.22,69646915,2142794790345
2021-05-18,18343.06,18867.75,18343.06,18718.5,62240938,2253600949260
2021-05-20,18729.12,18778.24,18414.17,18626.38,45315211,1255649391180
2021-05-21,18633.18,18700.97,18293.8,18339.62,35009791,1224633171350
2021-05-24,18329.1,18752.59,18074.56,18074.56,30342687,1355177816825
2021-05-25,18080.48,18205.97,17887.49,18205.97,33896662,1231118100245
2021-05-26,18209.79,18248.67,18041.39,18062.11,32467772,1111738411875
2021-05-27,18064.75,18064.75,17658.07,17912.89,21335539,1000234632915
2021-05-28,17911.64,18203.24,17911.64,18074.7,66358223,1185153465510
2021-05-31,18081.24,18249.64,18081.24,18204.86,42787750,969806421870
2021-06-01,18405.45,18473.05,17976.21,18020.68,29034208,832875836450
2021-06-02,18043.29,18043.29,17718.24,17747.21,43056232,951354414160
2021-06-03,17746.75,18015.58,17693.4,17869.71,64758496,1181492154480
2021-06-04,17872.32,18049.97,17722.7,17995.48,46266038,1162609497540
2021-06-07,18009.59,18199.61,17928.58,17961.98,50049633,1371666007730
2021-06-08,17966.42,18419.43,17966.42,18137.09,44250103,1293505844185
2021-06-09,18155.9,18216.51,17794.12,17795.01,35055141,983463555570
2021-06-10,17822.39,18280.72,17750.32,18169.33,43382740,2025289727800
2021-06-11,18202.8,18343.86,18110.22,18110.22,42980161,2480355228840
2021-06-14,18147.49,18479.22,18147.49,18463.23,36522208,1599695416745
2021-06-15,18429.59,18460.57,18270.13,18297.09,65384264,1412634978605
2021-06-16,18296.78,18296.78,18131.87,18151.97,27056358,935861609535
2021-06-17,18130.23,18181.92,17999.41,18076.78,30684222,1297846446715
2021-06-18,18078.44,18156.54,17968.32,18116.02,59556786,2216051651000
2021-06-21,18115.47,18447.99,18006.83,18447.55,85994722,2716778095520
2021-06-22,18451.22,18451.22,18182.03,18237.35,41876194,1154760407695
2021-06-23,18235.57,18714.29,18235.57,18576.68,71271713,2850559801450
2021-06-24,18602.82,18728.51,18400.24,18485.42,74526784,2131148658955
2021-06-25,18487.91,18658.37,18206.09,18319.73,58819356,2852982084140
2021-06-28,18377.3,18444.66,18289.49,18346.83,30552415,1441777864255
2021-06-29,18369.73,18536.52,18317.27,18361.61,23176096,1233096000425
2021-06-30,18384.51,18487.32,18364.2,18404.23,56690263,2434268274260
2021-07-01,18433.42,18638.91,18325.68,18591.92,36985953,1456910732130
2021-07-02,18594.78,18702.97,18548.71,18657.84,66604124,3204526044120
2021-07-05,18676.71,19132.87,18676.71,19087.9,58983809,3470436939105
2021-07-06,19013.64,19013.64,18512.6,18518.51,45117921,2604772690930
2021-07-07,18516.62,18640.65,18436.37,18455.4,46881350,2025932290525
2021-07-08,18571.9,18673.41,18469.59,18469.59,73313422,2416427072055
2021-07-09,18454.53,18559.25,18151.45,18314.78,52953708,1567469714130
2021-07-12,18312.71,18461.57,18312.71,18401.55,19645780,717986931385
2021-07-13,18405.82,18467.56,18271.46,18315.77,29124280,1184062273085
2021-07-14,18324.77,18350.54,18188.53,18271.67,25976136,938746365170
2021-07-15,18309.5,18552.97,18309.5,18485.91,27430283,1119342561650
2021-07-16,18459.21,18822.3,18379.73,18767.7,35175526,1190709439490
2021-07-19,18790.85,18918.74,18653.9,18751.25,21502238,999928975350
2021-07-20,18791.15,18971.3,18762.24,18938.63,34926587,1552780647010
2021-07-21,19011.77,19011.77,18614.79,18630.16,29031641,1155377363090
2021-07-22,18693.9,18736.26,18462.28,18510.11,26394203,1099764226630
2021-07-23,18447.43,18688.51,18410.07,18592.59,16966720,743271972500
2021-07-26,18680.07,18792.16,18434.64,18462.73,16321512,718560450650
2021-07-27,18606.03,18738.94,18526.86,18589.9,16057270,785814987270
2021-07-28,18541.47,18678.32,18466.7,18543.47,14914872,806958320345
2021-07-29,18605.63,18706.43,18580.78,18680.66,15431081,696642255365
2021-07-30,18606.09,18652.29,18280.66,18280.66,17228648,902693279575
2021-08-02,18406.22,18937.39,18406.22,18936.01,18072445,1386754591730
2021-08-03,18943.62,19013.52,18749.5,18987.07,30671025,1191999132750
2021-08-04,18971.66,19171.62,18901.84,19146.53,20069471,1168433761680
2021-08-05,19294.12,19678.4,19184.2,19240.18,21855803,1690244223200
2021-08-06,19244.81,19778.84,19244.81,19766.52,26233457,2087688835235
2021-08-09,19625.52,19625.52,19351.45,19378.7,30963872,1435622803780
2021-08-10,19549.55,20743.03,19512.6,20418.19,36631206,5369941948920
2021-08-11,20570.73,20952.15,20242.76,20889.18,33593488,3322329743030
2021-08-12,20954.08,21009.68,20629.76,20707.93,37945984,3183322647265
2021-08-13,20819.82,20895.21,20465.71,20616.46,23608841,1843232671930
2021-08-17,20727.76,21634.72,20684.16,21102.19,43585576,5622800067730
2021-08-18,21268.94,21608.05,20825.64,20973.73,56365190,2710051673345
2021-08-19,20801.12,21228.63,20711.03,20744.56,25966406,1947133529460
2021-08-20,20811.72,21000.31,20391.38,20570.73,51847837,2146528534625
2021-08-23,20711.3,21308.69,20660.34,21146.97,33792140,1545778380510
2021-08-24,21304.43,21327.13,20452.09,20611.94,49418211,1838063074575
2021-08-25,20547.9,20598.22,20081.06,20439.15,39632634,1627064068130
2021-08-26,20402.23,20530.86,20215.41,20435.75,40918245,1681309898195
2021-08-27,20354.36,20645.2,20269.21,20614.87,21865036,1203940030115
2021-08-30,20686.0,20798.47,20388.18,20677.88,25783631,1495513371575
2021-08-31,20707.5,21112.84,20618.13,21075.21,22405441,1999356776805
2021-09-01,21031.49,21116.88,20843.48,21028.27,18470055,1136782874510
2021-09-02,20940.66,21026.52,20825.23,20825.23,23560872,1076004631780
2021-09-03,20964.04,21250.27,20955.41,21093.03,27010458,2151328570330
2021-09-06,21049.44,21101.77,20752.81,20780.28,44107751,1532080280735
2021-09-07,20741.33,20929.88,20606.3,20725.52,23883249,1002347192385
2021-09-08,20667.66,20671.17,20154.27,20180.49,30593498,994541027970
2021-09-09,20173.99,20331.92,19917.28,20031.82,22826031,1104314763050
2021-09-10,20193.69,20341.41,19992.0,20098.5,16837180,834749170965
2021-09-13,20062.11,20065.49,19738.6,19818.49,18800586,760732780960
2021-09-14,19821.84,19827.24,19684.77,19693.09,12417701,696138960085
2021-09-15,19786.57,20256.75,19786.57,20109.66,13141636,704576813150
2021-09-16,20228.8,20250.75,19764.05,19798.28,48643451,635245237255
2021-09-17,19753.28,19996.52,19753.28,19995.51,15720045,957985578400
2021-09-23,20027.06,20102.3,19844.54,19876.38,38112027,1592726060965
2021-09-24,19957.75,20010.1,19768.55,19818.06,34892596,1310853297195
2021-09-27,19856.3,19971.25,19714.99,19757.55,23442736,937279532925
2021-09-28,19592.86,19603.48,19020.37,19044.43,19085120,918416598165
2021-09-29,18855.2,19054.59,18620.11,19009.14,27419137,1247728656685
2021-09-30,18957.9,19096.32,18877.59,18897.89,42384519,1165557543990
2021-10-01,18948.3,18992.77,18650.2,18662.39,28342914,1096797867145
2021-10-05,18481.74,18481.74,17110.12,17171.89,28298037,1681407003147
2021-10-06,17274.32,17461.21,16514.12,16550.72,62263323,1952776061218
2021-10-07,16698.54,17063.63,16596.03,16912.99,35712651,1266978182260
2021-10-08,17150.87,17238.45,16977.33,17154.27,22695174,857909703480
2021-10-12,17237.57,17237.57,16826.12,17054.14,13825098,644190406892
2021-10-13,16968.4,17215.62,16955.56,17007.72,10313892,427997680420
2021-10-14,17163.8,17614.76,17145.31,17614.32,15558018,591610110200
2021-10-15,17720.94,17743.98,17535.85,17655.88,10516543,432037360925
2021-10-18,17650.85,17650.85,17387.91,17395.94,9408100,365144247755
2021-10-19,17458.43,17611.67,17407.57,17552.28,9151092,374868405645
2021-10-20,17616.76,17777.42,17454.84,17527.35,16355047,653213494810
2021-10-21,17419.27,17623.82,17390.35,17425.16,17863460,682925270415
2021-10-22,17418.03,17632.64,17329.49,17581.02,10522744,383600053380
2021-10-25,17525.58,17525.58,17246.0,17371.34,8234552,374090691490
2021-10-26,17436.65,17761.58,17381.1,17671.55,8992328,455264621760
2021-10-27,17792.86,17889.84,17706.41,17756.26,14364325,718163946765
2021-10-28,17944.58,17952.83,17727.39,17727.39,12423398,594099787225
2021-10-29,17866.27,17916.48,17048.44,17107.05,12488624,797452103905
2021-11-01,17160.14,17375.14,16989.81,17219.46,17384553,774248849545
2021-11-02,17381.82,17611.55,17300.53,17348.38,15626929,749950432395
2021-11-03,17415.17,17579.61,17260.16,17523.88,14830509,570751816450
2021-11-04,17640.87,17717.61,17416.98,17482.47,12667667,629733467385
2021-11-05,17561.51,17561.51,17200.37,17451.11,10473735,658548904161
2021-11-08,16925.86,16925.86,16292.22,16463.86,16454773,1000067442381
2021-11-09,16483.24,16794.07,16483.24,16647.44,9126577,473683010156
2021-11-10,16639.08,17058.76,16600.88,16683.97,9786182,600525467355
2021-11-11,16480.87,16660.68,16434.75,16596.58,10145686,448457278557
2021-11-12,16980.75,17069.63,16803.74,16941.89,22826317,803734049792
2021-11-15,17210.6,18090.48,17145.48,17666.03,13747248,1440705372218
2021-11-16,17642.68,17838.47,17467.06,17681.82,8670187,545842951682
2021-11-17,17616.29,17636.99,17112.7,17135.46,16676658,548447028841
2021-11-18,17105.22,17175.59,16949.34,16949.34,10282618,409632111315
2021-11-19,17024.74,17608.74,17024.74,17608.74,7818184,475083430569
2021-11-22,17483.55,17722.54,17458.18,17472.72,10461338,467162459951
2021-11-23,17320.12,17397.26,16961.97,17021.9,7215415,536608587104
2021-11-24,16936.65,17267.71,16903.39,16990.69,18931293,901346515667
2021-11-25,16944.16,17067.75,16929.52,16969.29,18469155,693113643218
2021-11-26,16989.87,17687.51,16982.29,17514.14,28082813,1521913249971
2021-11-29,17893.06,18279.85,17476.52,17574.56,22886016,1279107536273
2021-11-30,17568.34,17862.11,17332.36,17440.33,29366861,1307318886909
2021-12-01,17633.67,17863.77,17380.52,17425.46,19219440,894954820434
2021-12-02,17366.84,17520.09,17058.1,17497.22,16366788,602486591931
2021-12-03,17271.84,17583.3,17178.91,17511.39,26768390,807569219006
2021-12-06,17535.75,17560.62,17219.2,17385.6,11880412,459949400833
2021-12-07,17208.61,17208.61,16806.06,17117.85,83354716,1268071905394
2021-12-08,17338.2,17711.37,17325.4,17598.77,42010549,1131684217070
2021-12-09,17610.24,17817.49,17544.7,17785.39,21639395,766943973423
2021-12-10,17607.71,17705.96,17539.81,17579.59,17651377,478662675897
2021-12-13,17640.54,17702.23,17222.62,17239.36,13796613,436527364350
2021-12-14,17401.33,17637.59,17347.76,17540.56,42528186,1126624834385
2021-12-15,17652.1,17815.92,17597.17,17762.98,66959643,1582195623637
2021-12-16,17975.62,18188.8,17933.06,18165.67,29256813,1019800329432
2021-12-17,18123.1,18339.25,18040.16,18273.37,42262460,1501525733945
2021-12-20,18325.54,18428.32,18029.47,18087.22,17995114,763691826159
2021-12-21,18064.76,18094.52,17737.91,17749.5,22249277,822644968893
2021-12-22,17629.36,17682.11,17323.92,17367.02,24465368,891460193960
2021-12-23,17373.23,17472.73,17026.09,17334.79,24076836,1206471613329
2021-12-24,17374.15,17426.15,17114.16,17115.37,14562294,634387494908
2021-12-27,17097.78,17253.92,17068.86,17117.77,32450193,1114706225387
2021-12-28,17140.62,17322.04,17095.77,17322.04,20916929,1081225209697
2021-12-29,17341.11,17405.53,17079.48,17157.16,18300334,826190923446
2021-12-30,17728.31,17728.31,17134.58,17204.26,16216422,710308561024
2022-01-03,17239.47,17456.5,17230.1,17397.56,17183344,538592266821
2022-01-04,17294.71,17389.08,16999.01,17036.28,14713035,618905439003
2022-01-05,16897.2,16897.2,16446.51,16520.93,30165924,863593682374
2022-01-06,16265.88,16439.62,15923.01,15954.95,43741299,788816918353
2022-01-07,16007.6,16300.36,16007.6,16192.98,13392637,450281547059
2022-01-10,16293.18,16383.56,16065.69,16172.26,10917949,434671368304
2022-01-11,16314.87,16507.67,16297.96,16351.39,20858684,752797818092
2022-01-12,16530.53,16760.4,16422.92,16613.75,11422301,624165496495
2022-01-13,16607.23,16607.23,16315.29,16482.51,21668759,494800907766
2022-01-14,16187.25,16265.16,15779.61,15848.04,18449390,1024744477864
2022-01-17,15725.01,15856.63,15306.87,15343.43,17019115,850453871071
2022-01-18,15447.22,15541.22,14945.32,14989.17,17770261,806940544623
2022-01-19,14848.61,15292.71,14787.97,15135.89,11823705,575799221062
2022-01-20,15123.74,15226.4,15011.34,15193.13,14322720,369761544968
2022-01-21,15187.72,15373.79,15051.15,15112.78,12321827,434199545764
2022-01-24,15041.02,15122.93,14890.34,14994.06,23462877,751684139178
2022-01-25,15021.71,15047.52,14399.95,14412.89,25838162,880705272791
2022-01-26,14422.75,14541.41,14136.98,14136.98,15856275,590408182279
2022-01-27,14136.98,14171.97,13400.41,13406.05,24389338,947939090381
2022-01-28,13337.71,13970.42,13330.71,13854.84,19476001,632065574205
2022-02-03,14057.89,14619.83,14057.89,14444.39,32993333,889894561522
2022-02-04,14407.82,14679.41,14342.65,14507.46,25576288,813227189457
2022-02-07,14557.61,14560.94,14246.66,14430.62,33481530,1266522416386
2022-02-08,14678.43,15112.09,14442.22,14802.46,30044518,990026028251
2022-02-09,14779.49,14779.49,14480.02,14550.1,48477238,997576308187
2022-02-10,14621.26,14754.92,14524.62,14563.39,78639402,1228337724783
2022-02-11,14410.99,14414.5,14194.9,14202.27,32751443,663810749553
2022-02-14,13933.98,14446.63,13933.98,14275.6,27422186,887579737620
2022-02-15,14278.92,14304.56,13694.49,13764.49,26445625,724691068081
2022-02-16,14018.4,14283.65,13980.93,14179.68,33756729,698947678085
2022-02-17,14231.67,14368.22,13905.49,14182.37,29026369,796205316255
2022-02-18,14014.19,14211.85,13955.65,14178.28,15190865,468395904022
2022-02-21,14008.63,14418.5,13973.63,14377.01,27411699,687809612575
2022-02-22,14153.67,14461.33,14131.33,14426.68,59202632,1701121508082
2022-02-23,14544.72,14594.0,14339.74,14356.23,23561560,729450388842
2022-02-24,14201.52,14201.52,13848.29,13942.52,31042673,1185740961458
2022-02-25,14137.2,14258.55,14000.79,14258.51,40409979,1591701339806
2022-02-28,14196.0,14625.39,14086.23,14623.43,38601446,1421078205896
