,Date,  현재생활형편CSI,  현재경기판단CSI,  생활형편전망CSI,  향후경기전망CSI,  소비지출전망CSI,경제심리지수(원계열),경제심리지수(순환변동치)
0,2020-03-10,83,38,83,62,93,69.2,78.1
1,2020-03-11,83,38,83,62,93,69.2,78.1
2,2020-03-12,83,38,83,62,93,69.2,78.1
3,2020-03-13,83,38,83,62,93,69.2,78.1
4,2020-03-14,83,38,83,62,93,69.2,78.1
5,2020-03-15,83,38,83,62,93,69.2,78.1
6,2020-03-16,83,38,83,62,93,69.2,78.1
7,2020-03-17,83,38,83,62,93,69.2,78.1
8,2020-03-18,83,38,83,62,93,69.2,78.1
9,2020-03-19,83,38,83,62,93,69.2,78.1
10,2020-03-20,83,38,83,62,93,69.2,78.1
11,2020-03-21,83,38,83,62,93,69.2,78.1
12,2020-03-22,83,38,83,62,93,69.2,78.1
13,2020-03-23,83,38,83,62,93,69.2,78.1
14,2020-03-24,83,38,83,62,93,69.2,78.1
15,2020-03-25,83,38,83,62,93,69.2,78.1
16,2020-03-26,83,38,83,62,93,69.2,78.1
17,2020-03-27,83,38,83,62,93,69.2,78.1
18,2020-03-28,83,38,83,62,93,69.2,78.1
19,2020-03-29,83,38,83,62,93,69.2,78.1
20,2020-03-30,83,38,83,62,93,69.2,78.1
21,2020-03-31,83,38,83,62,93,69.2,78.1
22,2020-04-01,77,31,79,59,87,62.2,75.4
23,2020-04-02,77,31,79,59,87,62.2,75.4
24,2020-04-03,77,31,79,59,87,62.2,75.4
25,2020-04-04,77,31,79,59,87,62.2,75.4
26,2020-04-05,77,31,79,59,87,62.2,75.4
27,2020-04-06,77,31,79,59,87,62.2,75.4
28,2020-04-07,77,31,79,59,87,62.2,75.4
29,2020-04-08,77,31,79,59,87,62.2,75.4
30,2020-04-09,77,31,79,59,87,62.2,75.4
31,2020-04-10,77,31,79,59,87,62.2,75.4
32,2020-04-11,77,31,79,59,87,62.2,75.4
33,2020-04-12,77,31,79,59,87,62.2,75.4
34,2020-04-13,77,31,79,59,87,62.2,75.4
35,2020-04-14,77,31,79,59,87,62.2,75.4
36,2020-04-15,77,31,79,59,87,62.2,75.4
37,2020-04-16,77,31,79,59,87,62.2,75.4
38,2020-04-17,77,31,79,59,87,62.2,75.4
39,2020-04-18,77,31,79,59,87,62.2,75.4
40,2020-04-19,77,31,79,59,87,62.2,75.4
41,2020-04-20,77,31,79,59,87,62.2,75.4
42,2020-04-21,77,31,79,59,87,62.2,75.4
43,2020-04-22,77,31,79,59,87,62.2,75.4
44,2020-04-23,77,31,79,59,87,62.2,75.4
45,2020-04-24,77,31,79,59,87,62.2,75.4
46,2020-04-25,77,31,79,59,87,62.2,75.4
47,2020-04-26,77,31,79,59,87,62.2,75.4
48,2020-04-27,77,31,79,59,87,62.2,75.4
49,2020-04-28,77,31,79,59,87,62.2,75.4
50,2020-04-29,77,31,79,59,87,62.2,75.4
51,2020-04-30,77,31,79,59,87,62.2,75.4
52,2020-05-01,79,36,85,67,91,64.1,74.1
53,2020-05-02,79,36,85,67,91,64.1,74.1
54,2020-05-03,79,36,85,67,91,64.1,74.1
55,2020-05-04,79,36,85,67,91,64.1,74.1
56,2020-05-05,79,36,85,67,91,64.1,74.1
57,2020-05-06,79,36,85,67,91,64.1,74.1
58,2020-05-07,79,36,85,67,91,64.1,74.1
59,2020-05-08,79,36,85,67,91,64.1,74.1
60,2020-05-09,79,36,85,67,91,64.1,74.1
61,2020-05-10,79,36,85,67,91,64.1,74.1
62,2020-05-11,79,36,85,67,91,64.1,74.1
63,2020-05-12,79,36,85,67,91,64.1,74.1
64,2020-05-13,79,36,85,67,91,64.1,74.1
65,2020-05-14,79,36,85,67,91,64.1,74.1
66,2020-05-15,79,36,85,67,91,64.1,74.1
67,2020-05-16,79,36,85,67,91,64.1,74.1
68,2020-05-17,79,36,85,67,91,64.1,74.1
69,2020-05-18,79,36,85,67,91,64.1,74.1
70,2020-05-19,79,36,85,67,91,64.1,74.1
71,2020-05-20,79,36,85,67,91,64.1,74.1
72,2020-05-21,79,36,85,67,91,64.1,74.1
73,2020-05-22,79,36,85,67,91,64.1,74.1
74,2020-05-23,79,36,85,67,91,64.1,74.1
75,2020-05-24,79,36,85,67,91,64.1,74.1
76,2020-05-25,79,36,85,67,91,64.1,74.1
77,2020-05-26,79,36,85,67,91,64.1,74.1
78,2020-05-27,79,36,85,67,91,64.1,74.1
79,2020-05-28,79,36,85,67,91,64.1,74.1
80,2020-05-29,79,36,85,67,91,64.1,74.1
81,2020-05-30,79,36,85,67,91,64.1,74.1
82,2020-05-31,79,36,85,67,91,64.1,74.1
83,2020-06-01,84,44,87,70,93,68.7,74.3
84,2020-06-02,84,44,87,70,93,68.7,74.3
85,2020-06-03,84,44,87,70,93,68.7,74.3
86,2020-06-04,84,44,87,70,93,68.7,74.3
87,2020-06-05,84,44,87,70,93,68.7,74.3
88,2020-06-06,84,44,87,70,93,68.7,74.3
89,2020-06-07,84,44,87,70,93,68.7,74.3
90,2020-06-08,84,44,87,70,93,68.7,74.3
91,2020-06-09,84,44,87,70,93,68.7,74.3
92,2020-06-10,84,44,87,70,93,68.7,74.3
93,2020-06-11,84,44,87,70,93,68.7,74.3
94,2020-06-12,84,44,87,70,93,68.7,74.3
95,2020-06-13,84,44,87,70,93,68.7,74.3
96,2020-06-14,84,44,87,70,93,68.7,74.3
97,2020-06-15,84,44,87,70,93,68.7,74.3
98,2020-06-16,84,44,87,70,93,68.7,74.3
99,2020-06-17,84,44,87,70,93,68.7,74.3
100,2020-06-18,84,44,87,70,93,68.7,74.3
101,2020-06-19,84,44,87,70,93,68.7,74.3
102,2020-06-20,84,44,87,70,93,68.7,74.3
103,2020-06-21,84,44,87,70,93,68.7,74.3
104,2020-06-22,84,44,87,70,93,68.7,74.3
105,2020-06-23,84,44,87,70,93,68.7,74.3
106,2020-06-24,84,44,87,70,93,68.7,74.3
107,2020-06-25,84,44,87,70,93,68.7,74.3
108,2020-06-26,84,44,87,70,93,68.7,74.3
109,2020-06-27,84,44,87,70,93,68.7,74.3
110,2020-06-28,84,44,87,70,93,68.7,74.3
111,2020-06-29,84,44,87,70,93,68.7,74.3
112,2020-06-30,84,44,87,70,93,68.7,74.3
113,2020-07-01,85,49,87,70,95,77.3,75.8
114,2020-07-02,85,49,87,70,95,77.3,75.8
115,2020-07-03,85,49,87,70,95,77.3,75.8
116,2020-07-04,85,49,87,70,95,77.3,75.8
117,2020-07-05,85,49,87,70,95,77.3,75.8
118,2020-07-06,85,49,87,70,95,77.3,75.8
119,2020-07-07,85,49,87,70,95,77.3,75.8
120,2020-07-08,85,49,87,70,95,77.3,75.8
121,2020-07-09,85,49,87,70,95,77.3,75.8
122,2020-07-10,85,49,87,70,95,77.3,75.8
123,2020-07-11,85,49,87,70,95,77.3,75.8
124,2020-07-12,85,49,87,70,95,77.3,75.8
125,2020-07-13,85,49,87,70,95,77.3,75.8
126,2020-07-14,85,49,87,70,95,77.3,75.8
127,2020-07-15,85,49,87,70,95,77.3,75.8
128,2020-07-16,85,49,87,70,95,77.3,75.8
129,2020-07-17,85,49,87,70,95,77.3,75.8
130,2020-07-18,85,49,87,70,95,77.3,75.8
131,2020-07-19,85,49,87,70,95,77.3,75.8
132,2020-07-20,85,49,87,70,95,77.3,75.8
133,2020-07-21,85,49,87,70,95,77.3,75.8
134,2020-07-22,85,49,87,70,95,77.3,75.8
135,2020-07-23,85,49,87,70,95,77.3,75.8
136,2020-07-24,85,49,87,70,95,77.3,75.8
137,2020-07-25,85,49,87,70,95,77.3,75.8
138,2020-07-26,85,49,87,70,95,77.3,75.8
139,2020-07-27,85,49,87,70,95,77.3,75.8
140,2020-07-28,85,49,87,70,95,77.3,75.8
141,2020-07-29,85,49,87,70,95,77.3,75.8
142,2020-07-30,85,49,87,70,95,77.3,75.8
143,2020-07-31,85,49,87,70,95,77.3,75.8
144,2020-08-01,85,54,89,75,99,83.3,78.2
145,2020-08-02,85,54,89,75,99,83.3,78.2
146,2020-08-03,85,54,89,75,99,83.3,78.2
147,2020-08-04,85,54,89,75,99,83.3,78.2
148,2020-08-05,85,54,89,75,99,83.3,78.2
149,2020-08-06,85,54,89,75,99,83.3,78.2
150,2020-08-07,85,54,89,75,99,83.3,78.2
151,2020-08-08,85,54,89,75,99,83.3,78.2
152,2020-08-09,85,54,89,75,99,83.3,78.2
153,2020-08-10,85,54,89,75,99,83.3,78.2
154,2020-08-11,85,54,89,75,99,83.3,78.2
155,2020-08-12,85,54,89,75,99,83.3,78.2
156,2020-08-13,85,54,89,75,99,83.3,78.2
157,2020-08-14,85,54,89,75,99,83.3,78.2
158,2020-08-15,85,54,89,75,99,83.3,78.2
159,2020-08-16,85,54,89,75,99,83.3,78.2
160,2020-08-17,85,54,89,75,99,83.3,78.2
161,2020-08-18,85,54,89,75,99,83.3,78.2
162,2020-08-19,85,54,89,75,99,83.3,78.2
163,2020-08-20,85,54,89,75,99,83.3,78.2
164,2020-08-21,85,54,89,75,99,83.3,78.2
165,2020-08-22,85,54,89,75,99,83.3,78.2
166,2020-08-23,85,54,89,75,99,83.3,78.2
167,2020-08-24,85,54,89,75,99,83.3,78.2
168,2020-08-25,85,54,89,75,99,83.3,78.2
169,2020-08-26,85,54,89,75,99,83.3,78.2
170,2020-08-27,85,54,89,75,99,83.3,78.2
171,2020-08-28,85,54,89,75,99,83.3,78.2
172,2020-08-29,85,54,89,75,99,83.3,78.2
173,2020-08-30,85,54,89,75,99,83.3,78.2
174,2020-08-31,85,54,89,75,99,83.3,78.2
175,2020-09-01,81,42,85,66,92,77.5,81.0
176,2020-09-02,81,42,85,66,92,77.5,81.0
177,2020-09-03,81,42,85,66,92,77.5,81.0
178,2020-09-04,81,42,85,66,92,77.5,81.0
179,2020-09-05,81,42,85,66,92,77.5,81.0
180,2020-09-06,81,42,85,66,92,77.5,81.0
181,2020-09-07,81,42,85,66,92,77.5,81.0
182,2020-09-08,81,42,85,66,92,77.5,81.0
183,2020-09-09,81,42,85,66,92,77.5,81.0
184,2020-09-10,81,42,85,66,92,77.5,81.0
185,2020-09-11,81,42,85,66,92,77.5,81.0
186,2020-09-12,81,42,85,66,92,77.5,81.0
187,2020-09-13,81,42,85,66,92,77.5,81.0
188,2020-09-14,81,42,85,66,92,77.5,81.0
189,2020-09-15,81,42,85,66,92,77.5,81.0
190,2020-09-16,81,42,85,66,92,77.5,81.0
191,2020-09-17,81,42,85,66,92,77.5,81.0
192,2020-09-18,81,42,85,66,92,77.5,81.0
193,2020-09-19,81,42,85,66,92,77.5,81.0
194,2020-09-20,81,42,85,66,92,77.5,81.0
195,2020-09-21,81,42,85,66,92,77.5,81.0
196,2020-09-22,81,42,85,66,92,77.5,81.0
197,2020-09-23,81,42,85,66,92,77.5,81.0
198,2020-09-24,81,42,85,66,92,77.5,81.0
199,2020-09-25,81,42,85,66,92,77.5,81.0
200,2020-09-26,81,42,85,66,92,77.5,81.0
201,2020-09-27,81,42,85,66,92,77.5,81.0
202,2020-09-28,81,42,85,66,92,77.5,81.0
203,2020-09-29,81,42,85,66,92,77.5,81.0
204,2020-09-30,81,42,85,66,92,77.5,81.0
205,2020-10-01,86,58,91,83,100,88.6,84.2
206,2020-10-02,86,58,91,83,100,88.6,84.2
207,2020-10-03,86,58,91,83,100,88.6,84.2
208,2020-10-04,86,58,91,83,100,88.6,84.2
209,2020-10-05,86,58,91,83,100,88.6,84.2
210,2020-10-06,86,58,91,83,100,88.6,84.2
211,2020-10-07,86,58,91,83,100,88.6,84.2
212,2020-10-08,86,58,91,83,100,88.6,84.2
213,2020-10-09,86,58,91,83,100,88.6,84.2
214,2020-10-10,86,58,91,83,100,88.6,84.2
215,2020-10-11,86,58,91,83,100,88.6,84.2
216,2020-10-12,86,58,91,83,100,88.6,84.2
217,2020-10-13,86,58,91,83,100,88.6,84.2
218,2020-10-14,86,58,91,83,100,88.6,84.2
219,2020-10-15,86,58,91,83,100,88.6,84.2
220,2020-10-16,86,58,91,83,100,88.6,84.2
221,2020-10-17,86,58,91,83,100,88.6,84.2
222,2020-10-18,86,58,91,83,100,88.6,84.2
223,2020-10-19,86,58,91,83,100,88.6,84.2
224,2020-10-20,86,58,91,83,100,88.6,84.2
225,2020-10-21,86,58,91,83,100,88.6,84.2
226,2020-10-22,86,58,91,83,100,88.6,84.2
227,2020-10-23,86,58,91,83,100,88.6,84.2
228,2020-10-24,86,58,91,83,100,88.6,84.2
229,2020-10-25,86,58,91,83,100,88.6,84.2
230,2020-10-26,86,58,91,83,100,88.6,84.2
231,2020-10-27,86,58,91,83,100,88.6,84.2
232,2020-10-28,86,58,91,83,100,88.6,84.2
233,2020-10-29,86,58,91,83,100,88.6,84.2
234,2020-10-30,86,58,91,83,100,88.6,84.2
235,2020-10-31,86,58,91,83,100,88.6,84.2
236,2020-11-01,89,72,94,91,104,91.5,87.4
237,2020-11-02,89,72,94,91,104,91.5,87.4
238,2020-11-03,89,72,94,91,104,91.5,87.4
239,2020-11-04,89,72,94,91,104,91.5,87.4
240,2020-11-05,89,72,94,91,104,91.5,87.4
241,2020-11-06,89,72,94,91,104,91.5,87.4
242,2020-11-07,89,72,94,91,104,91.5,87.4
243,2020-11-08,89,72,94,91,104,91.5,87.4
244,2020-11-09,89,72,94,91,104,91.5,87.4
245,2020-11-10,89,72,94,91,104,91.5,87.4
246,2020-11-11,89,72,94,91,104,91.5,87.4
247,2020-11-12,89,72,94,91,104,91.5,87.4
248,2020-11-13,89,72,94,91,104,91.5,87.4
249,2020-11-14,89,72,94,91,104,91.5,87.4
250,2020-11-15,89,72,94,91,104,91.5,87.4
251,2020-11-16,89,72,94,91,104,91.5,87.4
252,2020-11-17,89,72,94,91,104,91.5,87.4
253,2020-11-18,89,72,94,91,104,91.5,87.4
254,2020-11-19,89,72,94,91,104,91.5,87.4
255,2020-11-20,89,72,94,91,104,91.5,87.4
256,2020-11-21,89,72,94,91,104,91.5,87.4
257,2020-11-22,89,72,94,91,104,91.5,87.4
258,2020-11-23,89,72,94,91,104,91.5,87.4
259,2020-11-24,89,72,94,91,104,91.5,87.4
260,2020-11-25,89,72,94,91,104,91.5,87.4
261,2020-11-26,89,72,94,91,104,91.5,87.4
262,2020-11-27,89,72,94,91,104,91.5,87.4
263,2020-11-28,89,72,94,91,104,91.5,87.4
264,2020-11-29,89,72,94,91,104,91.5,87.4
265,2020-11-30,89,72,94,91,104,91.5,87.4
266,2020-12-01,86,56,89,81,99,85.6,90.5
267,2020-12-02,86,56,89,81,99,85.6,90.5
268,2020-12-03,86,56,89,81,99,85.6,90.5
269,2020-12-04,86,56,89,81,99,85.6,90.5
270,2020-12-05,86,56,89,81,99,85.6,90.5
271,2020-12-06,86,56,89,81,99,85.6,90.5
272,2020-12-07,86,56,89,81,99,85.6,90.5
273,2020-12-08,86,56,89,81,99,85.6,90.5
274,2020-12-09,86,56,89,81,99,85.6,90.5
275,2020-12-10,86,56,89,81,99,85.6,90.5
276,2020-12-11,86,56,89,81,99,85.6,90.5
277,2020-12-12,86,56,89,81,99,85.6,90.5
278,2020-12-13,86,56,89,81,99,85.6,90.5
279,2020-12-14,86,56,89,81,99,85.6,90.5
280,2020-12-15,86,56,89,81,99,85.6,90.5
281,2020-12-16,86,56,89,81,99,85.6,90.5
282,2020-12-17,86,56,89,81,99,85.6,90.5
283,2020-12-18,86,56,89,81,99,85.6,90.5
284,2020-12-19,86,56,89,81,99,85.6,90.5
285,2020-12-20,86,56,89,81,99,85.6,90.5
286,2020-12-21,86,56,89,81,99,85.6,90.5
287,2020-12-22,86,56,89,81,99,85.6,90.5
288,2020-12-23,86,56,89,81,99,85.6,90.5
289,2020-12-24,86,56,89,81,99,85.6,90.5
290,2020-12-25,86,56,89,81,99,85.6,90.5
291,2020-12-26,86,56,89,81,99,85.6,90.5
292,2020-12-27,86,56,89,81,99,85.6,90.5
293,2020-12-28,86,56,89,81,99,85.6,90.5
294,2020-12-29,86,56,89,81,99,85.6,90.5
295,2020-12-30,86,56,89,81,99,85.6,90.5
296,2020-12-31,86,56,89,81,99,85.6,90.5
297,2021-01-01,86,56,93,89,102,92.7,93.5
298,2021-01-02,86,56,93,89,102,92.7,93.5
299,2021-01-03,86,56,93,89,102,92.7,93.5
300,2021-01-04,86,56,93,89,102,92.7,93.5
301,2021-01-05,86,56,93,89,102,92.7,93.5
302,2021-01-06,86,56,93,89,102,92.7,93.5
303,2021-01-07,86,56,93,89,102,92.7,93.5
304,2021-01-08,86,56,93,89,102,92.7,93.5
305,2021-01-09,86,56,93,89,102,92.7,93.5
306,2021-01-10,86,56,93,89,102,92.7,93.5
307,2021-01-11,86,56,93,89,102,92.7,93.5
308,2021-01-12,86,56,93,89,102,92.7,93.5
309,2021-01-13,86,56,93,89,102,92.7,93.5
310,2021-01-14,86,56,93,89,102,92.7,93.5
311,2021-01-15,86,56,93,89,102,92.7,93.5
312,2021-01-16,86,56,93,89,102,92.7,93.5
313,2021-01-17,86,56,93,89,102,92.7,93.5
314,2021-01-18,86,56,93,89,102,92.7,93.5
315,2021-01-19,86,56,93,89,102,92.7,93.5
316,2021-01-20,86,56,93,89,102,92.7,93.5
317,2021-01-21,86,56,93,89,102,92.7,93.5
318,2021-01-22,86,56,93,89,102,92.7,93.5
319,2021-01-23,86,56,93,89,102,92.7,93.5
320,2021-01-24,86,56,93,89,102,92.7,93.5
321,2021-01-25,86,56,93,89,102,92.7,93.5
322,2021-01-26,86,56,93,89,102,92.7,93.5
323,2021-01-27,86,56,93,89,102,92.7,93.5
324,2021-01-28,86,56,93,89,102,92.7,93.5
325,2021-01-29,86,56,93,89,102,92.7,93.5
326,2021-01-30,86,56,93,89,102,92.7,93.5
327,2021-01-31,86,56,93,89,102,92.7,93.5
328,2021-02-01,87,63,94,90,104,96.3,96.4
329,2021-02-02,87,63,94,90,104,96.3,96.4
330,2021-02-03,87,63,94,90,104,96.3,96.4
331,2021-02-04,87,63,94,90,104,96.3,96.4
332,2021-02-05,87,63,94,90,104,96.3,96.4
333,2021-02-06,87,63,94,90,104,96.3,96.4
334,2021-02-07,87,63,94,90,104,96.3,96.4
335,2021-02-08,87,63,94,90,104,96.3,96.4
336,2021-02-09,87,63,94,90,104,96.3,96.4
337,2021-02-10,87,63,94,90,104,96.3,96.4
338,2021-02-11,87,63,94,90,104,96.3,96.4
339,2021-02-12,87,63,94,90,104,96.3,96.4
340,2021-02-13,87,63,94,90,104,96.3,96.4
341,2021-02-14,87,63,94,90,104,96.3,96.4
342,2021-02-15,87,63,94,90,104,96.3,96.4
343,2021-02-16,87,63,94,90,104,96.3,96.4
344,2021-02-17,87,63,94,90,104,96.3,96.4
345,2021-02-18,87,63,94,90,104,96.3,96.4
346,2021-02-19,87,63,94,90,104,96.3,96.4
347,2021-02-20,87,63,94,90,104,96.3,96.4
348,2021-02-21,87,63,94,90,104,96.3,96.4
349,2021-02-22,87,63,94,90,104,96.3,96.4
350,2021-02-23,87,63,94,90,104,96.3,96.4
351,2021-02-24,87,63,94,90,104,96.3,96.4
352,2021-02-25,87,63,94,90,104,96.3,96.4
353,2021-02-26,87,63,94,90,104,96.3,96.4
354,2021-02-27,87,63,94,90,104,96.3,96.4
355,2021-02-28,87,63,94,90,104,96.3,96.4
356,2021-03-01,89,72,95,93,107,101.1,99.0
357,2021-03-02,89,72,95,93,107,101.1,99.0
358,2021-03-03,89,72,95,93,107,101.1,99.0
359,2021-03-04,89,72,95,93,107,101.1,99.0
360,2021-03-05,89,72,95,93,107,101.1,99.0
361,2021-03-06,89,72,95,93,107,101.1,99.0
362,2021-03-07,89,72,95,93,107,101.1,99.0
363,2021-03-08,89,72,95,93,107,101.1,99.0
364,2021-03-09,89,72,95,93,107,101.1,99.0
365,2021-03-10,89,72,95,93,107,101.1,99.0
366,2021-03-11,89,72,95,93,107,101.1,99.0
367,2021-03-12,89,72,95,93,107,101.1,99.0
368,2021-03-13,89,72,95,93,107,101.1,99.0
369,2021-03-14,89,72,95,93,107,101.1,99.0
370,2021-03-15,89,72,95,93,107,101.1,99.0
371,2021-03-16,89,72,95,93,107,101.1,99.0
372,2021-03-17,89,72,95,93,107,101.1,99.0
373,2021-03-18,89,72,95,93,107,101.1,99.0
374,2021-03-19,89,72,95,93,107,101.1,99.0
375,2021-03-20,89,72,95,93,107,101.1,99.0
376,2021-03-21,89,72,95,93,107,101.1,99.0
377,2021-03-22,89,72,95,93,107,101.1,99.0
378,2021-03-23,89,72,95,93,107,101.1,99.0
379,2021-03-24,89,72,95,93,107,101.1,99.0
380,2021-03-25,89,72,95,93,107,101.1,99.0
381,2021-03-26,89,72,95,93,107,101.1,99.0
382,2021-03-27,89,72,95,93,107,101.1,99.0
383,2021-03-28,89,72,95,93,107,101.1,99.0
384,2021-03-29,89,72,95,93,107,101.1,99.0
385,2021-03-30,89,72,95,93,107,101.1,99.0
386,2021-03-31,89,72,95,93,107,101.1,99.0
387,2021-04-01,92,77,96,94,106,105.2,101.3
388,2021-04-02,92,77,96,94,106,105.2,101.3
389,2021-04-03,92,77,96,94,106,105.2,101.3
390,2021-04-04,92,77,96,94,106,105.2,101.3
391,2021-04-05,92,77,96,94,106,105.2,101.3
392,2021-04-06,92,77,96,94,106,105.2,101.3
393,2021-04-07,92,77,96,94,106,105.2,101.3
394,2021-04-08,92,77,96,94,106,105.2,101.3
395,2021-04-09,92,77,96,94,106,105.2,101.3
396,2021-04-10,92,77,96,94,106,105.2,101.3
397,2021-04-11,92,77,96,94,106,105.2,101.3
398,2021-04-12,92,77,96,94,106,105.2,101.3
399,2021-04-13,92,77,96,94,106,105.2,101.3
400,2021-04-14,92,77,96,94,106,105.2,101.3
401,2021-04-15,92,77,96,94,106,105.2,101.3
402,2021-04-16,92,77,96,94,106,105.2,101.3
403,2021-04-17,92,77,96,94,106,105.2,101.3
404,2021-04-18,92,77,96,94,106,105.2,101.3
405,2021-04-19,92,77,96,94,106,105.2,101.3
406,2021-04-20,92,77,96,94,106,105.2,101.3
407,2021-04-21,92,77,96,94,106,105.2,101.3
408,2021-04-22,92,77,96,94,106,105.2,101.3
409,2021-04-23,92,77,96,94,106,105.2,101.3
410,2021-04-24,92,77,96,94,106,105.2,101.3
411,2021-04-25,92,77,96,94,106,105.2,101.3
412,2021-04-26,92,77,96,94,106,105.2,101.3
413,2021-04-27,92,77,96,94,106,105.2,101.3
414,2021-04-28,92,77,96,94,106,105.2,101.3
415,2021-04-29,92,77,96,94,106,105.2,101.3
416,2021-04-30,92,77,96,94,106,105.2,101.3
417,2021-05-01,93,85,97,99,108,105.3,103.2
418,2021-05-02,93,85,97,99,108,105.3,103.2
419,2021-05-03,93,85,97,99,108,105.3,103.2
420,2021-05-04,93,85,97,99,108,105.3,103.2
421,2021-05-05,93,85,97,99,108,105.3,103.2
422,2021-05-06,93,85,97,99,108,105.3,103.2
423,2021-05-07,93,85,97,99,108,105.3,103.2
424,2021-05-08,93,85,97,99,108,105.3,103.2
425,2021-05-09,93,85,97,99,108,105.3,103.2
426,2021-05-10,93,85,97,99,108,105.3,103.2
427,2021-05-11,93,85,97,99,108,105.3,103.2
428,2021-05-12,93,85,97,99,108,105.3,103.2
429,2021-05-13,93,85,97,99,108,105.3,103.2
430,2021-05-14,93,85,97,99,108,105.3,103.2
431,2021-05-15,93,85,97,99,108,105.3,103.2
432,2021-05-16,93,85,97,99,108,105.3,103.2
433,2021-05-17,93,85,97,99,108,105.3,103.2
434,2021-05-18,93,85,97,99,108,105.3,103.2
435,2021-05-19,93,85,97,99,108,105.3,103.2
436,2021-05-20,93,85,97,99,108,105.3,103.2
437,2021-05-21,93,85,97,99,108,105.3,103.2
438,2021-05-22,93,85,97,99,108,105.3,103.2
439,2021-05-23,93,85,97,99,108,105.3,103.2
440,2021-05-24,93,85,97,99,108,105.3,103.2
441,2021-05-25,93,85,97,99,108,105.3,103.2
442,2021-05-26,93,85,97,99,108,105.3,103.2
443,2021-05-27,93,85,97,99,108,105.3,103.2
444,2021-05-28,93,85,97,99,108,105.3,103.2
445,2021-05-29,93,85,97,99,108,105.3,103.2
446,2021-05-30,93,85,97,99,108,105.3,103.2
447,2021-05-31,93,85,97,99,108,105.3,103.2
448,2021-06-01,93,94,99,109,113,109.2,104.7
449,2021-06-02,93,94,99,109,113,109.2,104.7
450,2021-06-03,93,94,99,109,113,109.2,104.7
451,2021-06-04,93,94,99,109,113,109.2,104.7
452,2021-06-05,93,94,99,109,113,109.2,104.7
453,2021-06-06,93,94,99,109,113,109.2,104.7
454,2021-06-07,93,94,99,109,113,109.2,104.7
455,2021-06-08,93,94,99,109,113,109.2,104.7
456,2021-06-09,93,94,99,109,113,109.2,104.7
457,2021-06-10,93,94,99,109,113,109.2,104.7
458,2021-06-11,93,94,99,109,113,109.2,104.7
459,2021-06-12,93,94,99,109,113,109.2,104.7
460,2021-06-13,93,94,99,109,113,109.2,104.7
461,2021-06-14,93,94,99,109,113,109.2,104.7
462,2021-06-15,93,94,99,109,113,109.2,104.7
463,2021-06-16,93,94,99,109,113,109.2,104.7
464,2021-06-17,93,94,99,109,113,109.2,104.7
465,2021-06-18,93,94,99,109,113,109.2,104.7
466,2021-06-19,93,94,99,109,113,109.2,104.7
467,2021-06-20,93,94,99,109,113,109.2,104.7
468,2021-06-21,93,94,99,109,113,109.2,104.7
469,2021-06-22,93,94,99,109,113,109.2,104.7
470,2021-06-23,93,94,99,109,113,109.2,104.7
471,2021-06-24,93,94,99,109,113,109.2,104.7
472,2021-06-25,93,94,99,109,113,109.2,104.7
473,2021-06-26,93,94,99,109,113,109.2,104.7
474,2021-06-27,93,94,99,109,113,109.2,104.7
475,2021-06-28,93,94,99,109,113,109.2,104.7
476,2021-06-29,93,94,99,109,113,109.2,104.7
477,2021-06-30,93,94,99,109,113,109.2,104.7
478,2021-07-01,91,82,96,92,108,103.8,105.6
479,2021-07-02,91,82,96,92,108,103.8,105.6
480,2021-07-03,91,82,96,92,108,103.8,105.6
481,2021-07-04,91,82,96,92,108,103.8,105.6
482,2021-07-05,91,82,96,92,108,103.8,105.6
483,2021-07-06,91,82,96,92,108,103.8,105.6
484,2021-07-07,91,82,96,92,108,103.8,105.6
485,2021-07-08,91,82,96,92,108,103.8,105.6
486,2021-07-09,91,82,96,92,108,103.8,105.6
487,2021-07-10,91,82,96,92,108,103.8,105.6
488,2021-07-11,91,82,96,92,108,103.8,105.6
489,2021-07-12,91,82,96,92,108,103.8,105.6
490,2021-07-13,91,82,96,92,108,103.8,105.6
491,2021-07-14,91,82,96,92,108,103.8,105.6
492,2021-07-15,91,82,96,92,108,103.8,105.6
493,2021-07-16,91,82,96,92,108,103.8,105.6
494,2021-07-17,91,82,96,92,108,103.8,105.6
495,2021-07-18,91,82,96,92,108,103.8,105.6
496,2021-07-19,91,82,96,92,108,103.8,105.6
497,2021-07-20,91,82,96,92,108,103.8,105.6
498,2021-07-21,91,82,96,92,108,103.8,105.6
499,2021-07-22,91,82,96,92,108,103.8,105.6
500,2021-07-23,91,82,96,92,108,103.8,105.6
501,2021-07-24,91,82,96,92,108,103.8,105.6
502,2021-07-25,91,82,96,92,108,103.8,105.6
503,2021-07-26,91,82,96,92,108,103.8,105.6
504,2021-07-27,91,82,96,92,108,103.8,105.6
505,2021-07-28,91,82,96,92,108,103.8,105.6
506,2021-07-29,91,82,96,92,108,103.8,105.6
507,2021-07-30,91,82,96,92,108,103.8,105.6
508,2021-07-31,91,82,96,92,108,103.8,105.6
509,2021-08-01,91,77,96,90,107,105.2,106.2
510,2021-08-02,91,77,96,90,107,105.2,106.2
511,2021-08-03,91,77,96,90,107,105.2,106.2
512,2021-08-04,91,77,96,90,107,105.2,106.2
513,2021-08-05,91,77,96,90,107,105.2,106.2
514,2021-08-06,91,77,96,90,107,105.2,106.2
515,2021-08-07,91,77,96,90,107,105.2,106.2
516,2021-08-08,91,77,96,90,107,105.2,106.2
517,2021-08-09,91,77,96,90,107,105.2,106.2
518,2021-08-10,91,77,96,90,107,105.2,106.2
519,2021-08-11,91,77,96,90,107,105.2,106.2
520,2021-08-12,91,77,96,90,107,105.2,106.2
521,2021-08-13,91,77,96,90,107,105.2,106.2
522,2021-08-14,91,77,96,90,107,105.2,106.2
523,2021-08-15,91,77,96,90,107,105.2,106.2
524,2021-08-16,91,77,96,90,107,105.2,106.2
525,2021-08-17,91,77,96,90,107,105.2,106.2
526,2021-08-18,91,77,96,90,107,105.2,106.2
527,2021-08-19,91,77,96,90,107,105.2,106.2
528,2021-08-20,91,77,96,90,107,105.2,106.2
529,2021-08-21,91,77,96,90,107,105.2,106.2
530,2021-08-22,91,77,96,90,107,105.2,106.2
531,2021-08-23,91,77,96,90,107,105.2,106.2
532,2021-08-24,91,77,96,90,107,105.2,106.2
533,2021-08-25,91,77,96,90,107,105.2,106.2
534,2021-08-26,91,77,96,90,107,105.2,106.2
535,2021-08-27,91,77,96,90,107,105.2,106.2
536,2021-08-28,91,77,96,90,107,105.2,106.2
537,2021-08-29,91,77,96,90,107,105.2,106.2
538,2021-08-30,91,77,96,90,107,105.2,106.2
539,2021-08-31,91,77,96,90,107,105.2,106.2
540,2021-09-01,91,78,96,94,109,104.4,106.4
541,2021-09-02,91,78,96,94,109,104.4,106.4
542,2021-09-03,91,78,96,94,109,104.4,106.4
543,2021-09-04,91,78,96,94,109,104.4,106.4
544,2021-09-05,91,78,96,94,109,104.4,106.4
545,2021-09-06,91,78,96,94,109,104.4,106.4
546,2021-09-07,91,78,96,94,109,104.4,106.4
547,2021-09-08,91,78,96,94,109,104.4,106.4
548,2021-09-09,91,78,96,94,109,104.4,106.4
549,2021-09-10,91,78,96,94,109,104.4,106.4
550,2021-09-11,91,78,96,94,109,104.4,106.4
551,2021-09-12,91,78,96,94,109,104.4,106.4
552,2021-09-13,91,78,96,94,109,104.4,106.4
553,2021-09-14,91,78,96,94,109,104.4,106.4
554,2021-09-15,91,78,96,94,109,104.4,106.4
555,2021-09-16,91,78,96,94,109,104.4,106.4
556,2021-09-17,91,78,96,94,109,104.4,106.4
557,2021-09-18,91,78,96,94,109,104.4,106.4
558,2021-09-19,91,78,96,94,109,104.4,106.4
559,2021-09-20,91,78,96,94,109,104.4,106.4
560,2021-09-21,91,78,96,94,109,104.4,106.4
561,2021-09-22,91,78,96,94,109,104.4,106.4
562,2021-09-23,91,78,96,94,109,104.4,106.4
563,2021-09-24,91,78,96,94,109,104.4,106.4
564,2021-09-25,91,78,96,94,109,104.4,106.4
565,2021-09-26,91,78,96,94,109,104.4,106.4
566,2021-09-27,91,78,96,94,109,104.4,106.4
567,2021-09-28,91,78,96,94,109,104.4,106.4
568,2021-09-29,91,78,96,94,109,104.4,106.4
569,2021-09-30,91,78,96,94,109,104.4,106.4
570,2021-10-01,92,80,98,96,112,105.5,106.5
571,2021-10-02,92,80,98,96,112,105.5,106.5
572,2021-10-03,92,80,98,96,112,105.5,106.5
573,2021-10-04,92,80,98,96,112,105.5,106.5
574,2021-10-05,92,80,98,96,112,105.5,106.5
575,2021-10-06,92,80,98,96,112,105.5,106.5
576,2021-10-07,92,80,98,96,112,105.5,106.5
577,2021-10-08,92,80,98,96,112,105.5,106.5
578,2021-10-09,92,80,98,96,112,105.5,106.5
579,2021-10-10,92,80,98,96,112,105.5,106.5
580,2021-10-11,92,80,98,96,112,105.5,106.5
581,2021-10-12,92,80,98,96,112,105.5,106.5
582,2021-10-13,92,80,98,96,112,105.5,106.5
583,2021-10-14,92,80,98,96,112,105.5,106.5
584,2021-10-15,92,80,98,96,112,105.5,106.5
585,2021-10-16,92,80,98,96,112,105.5,106.5
586,2021-10-17,92,80,98,96,112,105.5,106.5
587,2021-10-18,92,80,98,96,112,105.5,106.5
588,2021-10-19,92,80,98,96,112,105.5,106.5
589,2021-10-20,92,80,98,96,112,105.5,106.5
590,2021-10-21,92,80,98,96,112,105.5,106.5
591,2021-10-22,92,80,98,96,112,105.5,106.5
592,2021-10-23,92,80,98,96,112,105.5,106.5
593,2021-10-24,92,80,98,96,112,105.5,106.5
594,2021-10-25,92,80,98,96,112,105.5,106.5
595,2021-10-26,92,80,98,96,112,105.5,106.5
596,2021-10-27,92,80,98,96,112,105.5,106.5
597,2021-10-28,92,80,98,96,112,105.5,106.5
598,2021-10-29,92,80,98,96,112,105.5,106.5
599,2021-10-30,92,80,98,96,112,105.5,106.5
600,2021-10-31,92,80,98,96,112,105.5,106.5
601,2021-11-01,92,81,97,96,115,106.2,106.4
602,2021-11-02,92,81,97,96,115,106.2,106.4
603,2021-11-03,92,81,97,96,115,106.2,106.4
604,2021-11-04,92,81,97,96,115,106.2,106.4
605,2021-11-05,92,81,97,96,115,106.2,106.4
606,2021-11-06,92,81,97,96,115,106.2,106.4
607,2021-11-07,92,81,97,96,115,106.2,106.4
608,2021-11-08,92,81,97,96,115,106.2,106.4
609,2021-11-09,92,81,97,96,115,106.2,106.4
610,2021-11-10,92,81,97,96,115,106.2,106.4
611,2021-11-11,92,81,97,96,115,106.2,106.4
612,2021-11-12,92,81,97,96,115,106.2,106.4
613,2021-11-13,92,81,97,96,115,106.2,106.4
614,2021-11-14,92,81,97,96,115,106.2,106.4
615,2021-11-15,92,81,97,96,115,106.2,106.4
616,2021-11-16,92,81,97,96,115,106.2,106.4
617,2021-11-17,92,81,97,96,115,106.2,106.4
618,2021-11-18,92,81,97,96,115,106.2,106.4
619,2021-11-19,92,81,97,96,115,106.2,106.4
620,2021-11-20,92,81,97,96,115,106.2,106.4
621,2021-11-21,92,81,97,96,115,106.2,106.4
622,2021-11-22,92,81,97,96,115,106.2,106.4
623,2021-11-23,92,81,97,96,115,106.2,106.4
624,2021-11-24,92,81,97,96,115,106.2,106.4
625,2021-11-25,92,81,97,96,115,106.2,106.4
626,2021-11-26,92,81,97,96,115,106.2,106.4
627,2021-11-27,92,81,97,96,115,106.2,106.4
628,2021-11-28,92,81,97,96,115,106.2,106.4
629,2021-11-29,92,81,97,96,115,106.2,106.4
630,2021-11-30,92,81,97,96,115,106.2,106.4
631,2021-12-01,91,79,96,88,110,104.5,106.0
632,2021-12-02,91,79,96,88,110,104.5,106.0
633,2021-12-03,91,79,96,88,110,104.5,106.0
634,2021-12-04,91,79,96,88,110,104.5,106.0
635,2021-12-05,91,79,96,88,110,104.5,106.0
636,2021-12-06,91,79,96,88,110,104.5,106.0
637,2021-12-07,91,79,96,88,110,104.5,106.0
638,2021-12-08,91,79,96,88,110,104.5,106.0
639,2021-12-09,91,79,96,88,110,104.5,106.0
640,2021-12-10,91,79,96,88,110,104.5,106.0
641,2021-12-11,91,79,96,88,110,104.5,106.0
642,2021-12-12,91,79,96,88,110,104.5,106.0
643,2021-12-13,91,79,96,88,110,104.5,106.0
644,2021-12-14,91,79,96,88,110,104.5,106.0
645,2021-12-15,91,79,96,88,110,104.5,106.0
646,2021-12-16,91,79,96,88,110,104.5,106.0
647,2021-12-17,91,79,96,88,110,104.5,106.0
648,2021-12-18,91,79,96,88,110,104.5,106.0
649,2021-12-19,91,79,96,88,110,104.5,106.0
650,2021-12-20,91,79,96,88,110,104.5,106.0
651,2021-12-21,91,79,96,88,110,104.5,106.0
652,2021-12-22,91,79,96,88,110,104.5,106.0
653,2021-12-23,91,79,96,88,110,104.5,106.0
654,2021-12-24,91,79,96,88,110,104.5,106.0
655,2021-12-25,91,79,96,88,110,104.5,106.0
656,2021-12-26,91,79,96,88,110,104.5,106.0
657,2021-12-27,91,79,96,88,110,104.5,106.0
658,2021-12-28,91,79,96,88,110,104.5,106.0
659,2021-12-29,91,79,96,88,110,104.5,106.0
660,2021-12-30,91,79,96,88,110,104.5,106.0
661,2021-12-31,91,79,96,88,110,104.5,106.0
662,2022-01-01,91,76,96,93,111,105.6,105.5
663,2022-01-02,91,76,96,93,111,105.6,105.5
664,2022-01-03,91,76,96,93,111,105.6,105.5
665,2022-01-04,91,76,96,93,111,105.6,105.5
666,2022-01-05,91,76,96,93,111,105.6,105.5
667,2022-01-06,91,76,96,93,111,105.6,105.5
668,2022-01-07,91,76,96,93,111,105.6,105.5
669,2022-01-08,91,76,96,93,111,105.6,105.5
670,2022-01-09,91,76,96,93,111,105.6,105.5
671,2022-01-10,91,76,96,93,111,105.6,105.5
672,2022-01-11,91,76,96,93,111,105.6,105.5
673,2022-01-12,91,76,96,93,111,105.6,105.5
674,2022-01-13,91,76,96,93,111,105.6,105.5
675,2022-01-14,91,76,96,93,111,105.6,105.5
676,2022-01-15,91,76,96,93,111,105.6,105.5
677,2022-01-16,91,76,96,93,111,105.6,105.5
678,2022-01-17,91,76,96,93,111,105.6,105.5
679,2022-01-18,91,76,96,93,111,105.6,105.5
680,2022-01-19,91,76,96,93,111,105.6,105.5
681,2022-01-20,91,76,96,93,111,105.6,105.5
682,2022-01-21,91,76,96,93,111,105.6,105.5
683,2022-01-22,91,76,96,93,111,105.6,105.5
684,2022-01-23,91,76,96,93,111,105.6,105.5
685,2022-01-24,91,76,96,93,111,105.6,105.5
686,2022-01-25,91,76,96,93,111,105.6,105.5
687,2022-01-26,91,76,96,93,111,105.6,105.5
688,2022-01-27,91,76,96,93,111,105.6,105.5
689,2022-01-28,91,76,96,93,111,105.6,105.5
690,2022-01-29,91,76,96,93,111,105.6,105.5
691,2022-01-30,91,76,96,93,111,105.6,105.5
692,2022-01-31,91,76,96,93,111,105.6,105.5
693,2022-02-01,90,75,96,91,110,105.7,104.8
694,2022-02-02,90,75,96,91,110,105.7,104.8
695,2022-02-03,90,75,96,91,110,105.7,104.8
696,2022-02-04,90,75,96,91,110,105.7,104.8
697,2022-02-05,90,75,96,91,110,105.7,104.8
698,2022-02-06,90,75,96,91,110,105.7,104.8
699,2022-02-07,90,75,96,91,110,105.7,104.8
700,2022-02-08,90,75,96,91,110,105.7,104.8
701,2022-02-09,90,75,96,91,110,105.7,104.8
702,2022-02-10,90,75,96,91,110,105.7,104.8
703,2022-02-11,90,75,96,91,110,105.7,104.8
704,2022-02-12,90,75,96,91,110,105.7,104.8
705,2022-02-13,90,75,96,91,110,105.7,104.8
706,2022-02-14,90,75,96,91,110,105.7,104.8
707,2022-02-15,90,75,96,91,110,105.7,104.8
708,2022-02-16,90,75,96,91,110,105.7,104.8
709,2022-02-17,90,75,96,91,110,105.7,104.8
710,2022-02-18,90,75,96,91,110,105.7,104.8
711,2022-02-19,90,75,96,91,110,105.7,104.8
712,2022-02-20,90,75,96,91,110,105.7,104.8
713,2022-02-21,90,75,96,91,110,105.7,104.8
714,2022-02-22,90,75,96,91,110,105.7,104.8
715,2022-02-23,90,75,96,91,110,105.7,104.8
716,2022-02-24,90,75,96,91,110,105.7,104.8
717,2022-02-25,90,75,96,91,110,105.7,104.8
718,2022-02-26,90,75,96,91,110,105.7,104.8
719,2022-02-27,90,75,96,91,110,105.7,104.8
720,2022-02-28,90,75,96,91,110,105.7,104.8
