,makeup,travel,flight
2020-03-10 00:00:00,100.0,100.0,100.0
2020-03-11 00:00:00,96.11867715652738,97.67637008573887,94.85506122622262
2020-03-12 00:00:00,92.07609664233725,93.66480700995122,92.9920540066836
2020-03-13 00:00:00,89.71920904131431,89.94055730257334,88.39432353677027
2020-03-16 00:00:00,86.26744792871082,86.98501577874006,88.73297892215615
2020-03-17 00:00:00,87.90495881816241,86.21552121338684,83.0843127331443
2020-03-18 00:00:00,90.42942526408055,80.8513400791956,72.09210865150169
2020-03-19 00:00:00,87.72641913842551,72.27780757030732,60.206729770439495
2020-03-20 00:00:00,89.68723348397144,75.66863231481017,72.96737163422897
2020-03-23 00:00:00,85.37048106422085,69.73603763387672,75.10128463114654
2020-03-24 00:00:00,91.53112841073353,75.76104869479674,64.71031139813321
2020-03-25 00:00:00,92.79327668105975,82.05510667085629,72.08362645187339
2020-03-26 00:00:00,92.09944983469416,83.52942005738872,74.13310884887623
2020-03-27 00:00:00,92.01264876208776,84.77468770253833,85.1714229836385
2020-03-30 00:00:00,91.34677836757379,82.10253933627529,97.57757589946301
2020-03-31 00:00:00,92.54390259346137,83.9919692884831,98.25979399039478
2020-04-01 00:00:00,87.52231219594744,79.67955591631329,103.50006990572977
2020-04-02 00:00:00,91.48671246803323,80.6962324437045,96.93038075806145
2020-04-03 00:00:00,92.33232383937478,79.99462375271197,93.37390643114483
2020-04-06 00:00:00,96.3431637053407,84.5492748714557,94.72456977114526
2020-04-07 00:00:00,97.23487139964347,88.51015662654204,108.14584375104089
2020-04-08 00:00:00,98.18258753559644,88.62769278540445,103.37557491897826
2020-04-09 00:00:00,100.33124599367171,95.31401365255016,108.30046475764064
2020-04-10 00:00:00,98.76771116699737,97.1129684536555,111.06610092487527
2020-04-13 00:00:00,97.77240624345539,94.00820040175688,108.40291681365517
2020-04-14 00:00:00,98.13545430188417,95.40002984108278,108.49151780537505
2020-04-16 00:00:00,97.78183989999624,98.15205381689829,109.1069799866705
2020-04-17 00:00:00,102.23514027042737,100.81778219575692,130.04260523333545
2020-04-20 00:00:00,101.76999139775515,100.45693150856232,107.33836653809936
2020-04-21 00:00:00,102.06183523569025,99.6904314143527,107.07485473768712
2020-04-22 00:00:00,104.1174425678056,100.47183152660469,108.93742111327501
2020-04-23 00:00:00,109.09819206335212,99.71404104014354,111.45708062820955
2020-04-24 00:00:00,107.46099609303792,97.97348805591538,116.7904710601735
2020-04-27 00:00:00,106.05088593860997,100.18014389075694,115.19975505452018
2020-04-28 00:00:00,105.79894414802872,103.71175439704355,113.31424972264064
2020-04-29 00:00:00,106.63320282037098,104.26150510150305,112.5758335876704
2020-05-04 00:00:00,104.64216785304279,101.76358216047208,107.61368548064878
2020-05-06 00:00:00,106.21932017271598,102.63816707459266,106.73015004908943
2020-05-07 00:00:00,107.59378419106528,102.35346976299327,110.17284231286351
2020-05-08 00:00:00,108.89263582403221,103.40971025604406,110.51010989540302
2020-05-11 00:00:00,108.13896183359945,101.28105078247482,113.79431782207014
2020-05-12 00:00:00,106.40513674264945,99.3629718276571,111.60396478865823
2020-05-13 00:00:00,107.81992031649897,97.11219880296068,102.50339984908226
2020-05-14 00:00:00,108.76395199602335,96.37623216152774,102.34169607677748
2020-05-15 00:00:00,108.66253378700239,96.84842849900032,99.69407799307612
2020-05-18 00:00:00,107.19965334812242,97.26534577175316,98.79032020341133
2020-05-19 00:00:00,107.94482333785871,102.38815099156966,103.51188288254845
2020-05-20 00:00:00,107.38929654370773,104.16034166896327,104.96898744785832
2020-05-21 00:00:00,107.3153014445642,103.49510148724409,105.66600582035232
2020-05-22 00:00:00,105.29017746305429,102.2682001744847,105.78406569155842
2020-05-25 00:00:00,104.9941792925635,102.12645872932538,104.0044004274864
2020-05-26 00:00:00,105.10515408916477,103.96238350985092,114.00008151902466
2020-05-27 00:00:00,105.0464770410902,105.72827990348767,114.70218443660445
2020-05-28 00:00:00,104.19496494483012,101.37522878311916,118.28360327542006
2020-05-29 00:00:00,103.63630907788284,100.63908424395065,112.23533111419748
2020-06-01 00:00:00,103.49984572622124,102.26120511853327,115.96355107233552
2020-06-02 00:00:00,104.03458180568579,102.8002000527894,114.83988192730155
2020-06-03 00:00:00,105.50319188951217,104.52633744563151,117.59252098684783
2020-06-04 00:00:00,107.1895559931932,105.7814026687564,119.34997588872646
2020-06-05 00:00:00,107.50234079740974,106.13501318366112,117.25566193934385
2020-06-08 00:00:00,107.28994988221994,105.42173934805406,120.04216536423901
2020-06-09 00:00:00,106.26448043358059,105.08273923530369,119.82187334270522
2020-06-10 00:00:00,105.95304165079378,103.57674022086513,119.29089644070949
2020-06-11 00:00:00,104.55071479646574,101.96266441131392,122.98559570299155
2020-06-12 00:00:00,101.77432620128198,98.88119759048473,115.66864022255349
2020-06-15 00:00:00,96.92634382849496,92.32450075959436,108.21022485328255
2020-06-16 00:00:00,100.09013025268594,96.1872024469058,112.6529169803406
2020-06-17 00:00:00,98.19121123459053,94.26216018325768,109.77558126800511
2020-06-18 00:00:00,97.65049722181817,93.63381941006914,109.54698451603441
2020-06-19 00:00:00,98.75091244535349,93.66841759716603,109.46321921798084
2020-06-22 00:00:00,96.41601801440595,92.17971143604835,108.20807748833083
2020-06-23 00:00:00,98.24910592578651,91.79780144495079,107.59960088692392
2020-06-24 00:00:00,99.49679968038616,91.62024170440996,106.43880015397559
2020-06-25 00:00:00,95.14634690794654,89.53393537065043,103.13612370741734
2020-06-26 00:00:00,99.25915596973938,90.11889731597554,104.75527706717453
2020-06-29 00:00:00,96.44689539384339,87.27355528536911,102.06555652319871
2020-06-30 00:00:00,102.08095985449039,91.04835597258692,101.86148009288505
2020-07-01 00:00:00,99.7767211145574,89.78581985913107,106.77901500785715
2020-07-02 00:00:00,103.6293495510517,92.67202671931776,107.33193625758415
2020-07-03 00:00:00,103.9110882589124,91.88780762029005,106.9259159140294
2020-07-06 00:00:00,102.20126202695651,92.26541256348003,107.61947531811668
2020-07-07 00:00:00,101.65569512429755,92.56566036381908,105.77598539899509
2020-07-08 00:00:00,100.11224165022298,94.21730943416239,108.48612713661909
2020-07-09 00:00:00,99.7160604550574,93.68829523877696,109.17758098014578
2020-07-10 00:00:00,97.81551965371482,92.94232726316551,108.44801476208232
2020-07-13 00:00:00,98.72236666746365,93.4997450697718,112.40428609645998
2020-07-14 00:00:00,101.51846869240389,94.12355157263895,114.06043309683866
2020-07-15 00:00:00,101.73783592133657,96.53372911990382,116.56779985258578
2020-07-16 00:00:00,102.14912992755438,97.45772431030912,116.19070376940743
2020-07-17 00:00:00,102.41675442087124,97.3970247656568,115.56396123122803
2020-07-20 00:00:00,101.24877307405686,98.2567881719843,112.97851198022211
2020-07-21 00:00:00,105.32135472485535,99.71573415899098,118.36051875588744
2020-07-22 00:00:00,104.30509484446667,97.93696327373081,114.00714396869509
2020-07-23 00:00:00,101.77581850658018,96.21300674663972,109.94183681040207
2020-07-24 00:00:00,100.89935709639872,95.1068953793163,108.20397999284334
2020-07-27 00:00:00,102.13307841199386,95.15843854316809,105.8934768917688
2020-07-28 00:00:00,101.93323133076764,94.94326212701135,108.98472615023904
2020-07-29 00:00:00,103.98810627666153,95.46902273394292,125.14080721990146
2020-07-30 00:00:00,104.34892847179924,96.0594140895209,123.61310768250662
2020-07-31 00:00:00,103.49920161559139,95.07592735834905,122.81600564833515
2020-08-03 00:00:00,101.28219319570495,93.81772803856424,120.10525195268649
2020-08-04 00:00:00,102.01807631549566,93.83795995693976,121.59204897221807
2020-08-05 00:00:00,103.08839377698118,93.59493059055829,120.69187910534691
2020-08-06 00:00:00,104.51642515989094,94.87958795576814,123.85940846687764
2020-08-07 00:00:00,107.3811119773541,96.2724990309208,126.9749220839332
2020-08-10 00:00:00,107.71224413686846,95.53562524064247,124.88676400445115
2020-08-11 00:00:00,114.56579676739929,97.40607183488457,125.84500068502176
2020-08-12 00:00:00,115.34178584541621,103.06486735569382,128.0734224778997
2020-08-13 00:00:00,116.92548100446145,102.97963049947441,128.49751403066043
2020-08-14 00:00:00,118.78264856878451,102.16216027482083,127.03000680631405
2020-08-18 00:00:00,111.60838595488957,95.93193068623592,121.26050823086129
2020-08-19 00:00:00,113.47704421353046,96.28951860621483,121.71680540334167
2020-08-20 00:00:00,110.2086827697747,92.60856356411136,115.40520833784151
2020-08-21 00:00:00,113.16811592715712,92.68615095889261,116.38381968647649
2020-08-24 00:00:00,112.52293203503139,92.35849252391385,115.7469030746727
2020-08-25 00:00:00,113.19456463961903,94.6091643392192,118.0398235894371
2020-08-26 00:00:00,111.04664182463013,93.4136407533599,117.45117018125231
2020-08-27 00:00:00,109.65551693924232,91.68863655634085,114.11745172063948
2020-08-28 00:00:00,109.73447388624493,93.001250590019,114.91666135270518
2020-08-31 00:00:00,107.58270899622264,92.59880003466772,116.94323706098292
2020-09-01 00:00:00,109.62953645736808,94.50408666142415,116.98160602048611
2020-09-02 00:00:00,109.61858594171818,96.62888559655917,119.69896963500697
2020-09-03 00:00:00,109.02869964216355,96.02427426768546,121.43931613691304
2020-09-04 00:00:00,107.06332296750188,93.37062550637498,119.84210850357135
2020-09-07 00:00:00,108.02216174844408,94.42054501657272,118.58535791922844
2020-09-08 00:00:00,108.81597535520345,95.05173808897564,119.02058247952294
2020-09-09 00:00:00,108.8659358081057,93.23342265822157,117.46466377683254
2020-09-10 00:00:00,109.40934964936488,92.8363100300609,118.54806688558266
2020-09-11 00:00:00,109.38638725896817,93.50461921222501,117.30485232935916
2020-09-14 00:00:00,109.92327506873143,94.19333353355383,119.40205989357713
2020-09-15 00:00:00,110.71775978298552,94.56205453451817,122.93496448279217
2020-09-16 00:00:00,109.4826506635876,94.75846747896965,122.99737326627076
2020-09-17 00:00:00,109.03702321507562,95.71308986879258,121.71954809826053
2020-09-18 00:00:00,109.51134025378026,94.67093099695391,124.03888200673143
2020-09-21 00:00:00,108.34963057964234,94.50920671939208,120.81071327104095
2020-09-22 00:00:00,106.24171396171964,92.67418983258409,117.07847827467792
2020-09-23 00:00:00,105.17004199324487,92.65028494462952,116.14964439421169
2020-09-24 00:00:00,102.74242572756458,90.33690542879827,111.57483987618895
2020-09-25 00:00:00,102.75597393233727,90.93311564646525,112.2909201800223
2020-09-28 00:00:00,105.62273275212178,93.67381813479841,113.75487175871316
2020-09-29 00:00:00,105.3490941684376,94.58180050029027,114.87598133416013
2020-10-05 00:00:00,108.55104934417798,94.30731861071195,116.28011007543624
2020-10-06 00:00:00,108.17464743277114,93.10351298865532,118.19131813007427
2020-10-07 00:00:00,109.07517744638669,94.16590018529125,117.69068039291778
2020-10-08 00:00:00,110.3657246528291,94.91876521050388,120.91415637730117
2020-10-12 00:00:00,113.41868360761664,99.75590742183802,125.93569430500675
2020-10-13 00:00:00,110.76826180505597,98.28986283033684,125.05418421393284
2020-10-14 00:00:00,109.83693291929191,96.44503749639355,124.58166426966504
2020-10-15 00:00:00,110.29339843979669,94.63709052856876,124.97811741653754
2020-10-16 00:00:00,111.23413044183006,95.01769692822835,124.65567387568923
2020-10-19 00:00:00,111.36479028249985,96.67471493570423,126.89440539984511
2020-10-20 00:00:00,110.23101937719855,96.72645985039688,126.52352514829236
2020-10-21 00:00:00,110.20802122499154,98.38754972821305,128.4482922975614
2020-10-22 00:00:00,109.59739789546465,97.2521104407066,127.86157338729478
2020-10-23 00:00:00,109.6589133033909,97.55410058073744,128.47210229858874
2020-10-26 00:00:00,107.7946572627309,95.91003102354001,128.1041955021479
2020-10-27 00:00:00,108.14472603168734,95.6809038243682,126.08343717962624
2020-10-28 00:00:00,107.28480994396973,96.05593279057172,126.21009455877066
2020-10-29 00:00:00,107.2217738365318,93.90286686852185,123.17780419608117
2020-10-30 00:00:00,105.25813070393664,91.57803166875102,120.51909639422927
2020-11-02 00:00:00,106.7859969620694,92.22840697717959,124.36390361141878
2020-11-03 00:00:00,107.10365867790637,93.75322909880188,126.2181576616187
2020-11-04 00:00:00,106.99354822081477,93.64026215689294,125.40270380527043
2020-11-05 00:00:00,108.32052175215772,94.51751330288296,128.68091641768385
2020-11-06 00:00:00,108.09087420758992,93.22222104447245,128.67952956037774
2020-11-09 00:00:00,108.46683579107676,93.72648177870005,135.27957544724876
2020-11-10 00:00:00,109.65366215936288,98.26553180265095,143.07994402033677
2020-11-11 00:00:00,112.63244495144144,101.46351623383867,146.88999431011538
2020-11-12 00:00:00,114.74393473612923,100.74515724471946,141.93708072083274
2020-11-13 00:00:00,112.87369079651366,98.85106764527272,135.99647004438637
2020-11-16 00:00:00,111.9315576930842,99.35795978158218,152.95845277205856
2020-11-17 00:00:00,112.98206687855239,100.49354960114434,142.33494658296607
2020-11-18 00:00:00,113.53885357494195,100.28438766923972,138.62580035710715
2020-11-19 00:00:00,113.28463548542163,99.67617499029,135.26902155358366
2020-11-20 00:00:00,116.96118165608831,101.48797334810702,136.70774360066895
2020-11-23 00:00:00,117.35307107985923,101.43057598282455,139.70708046238235
2020-11-24 00:00:00,115.8860273286627,103.890706663409,142.69004786849905
2020-11-25 00:00:00,114.63543065259587,105.6416627457641,141.9197581052608
2020-11-26 00:00:00,114.29598667534029,103.33856943381518,141.16752657656306
2020-11-27 00:00:00,112.9875217570721,103.46055485154535,142.1389905999843
2020-11-30 00:00:00,111.4827115715124,101.27096757526147,142.21611448344785
2020-12-01 00:00:00,114.07531015366735,104.10622726706866,144.58885770309246
2020-12-02 00:00:00,115.2001789173386,107.05430285917497,139.46473881348123
2020-12-03 00:00:00,115.3313798584121,106.94296676371515,140.88572543441717
2020-12-04 00:00:00,114.64410798993083,105.74287513622555,141.20388290594425
2020-12-07 00:00:00,115.80005803063442,105.70462930791811,138.21073940775736
2020-12-08 00:00:00,116.32519844763085,105.58476575943952,140.56802343227787
2020-12-09 00:00:00,120.79114721585518,107.3551222425481,143.84768423908852
2020-12-10 00:00:00,119.56577162138542,107.77499700802208,144.6745504034922
2020-12-11 00:00:00,121.8177967547583,108.43437112330265,144.8668577654574
2020-12-14 00:00:00,121.83949175540315,105.77478872940402,138.26244743866624
2020-12-15 00:00:00,121.70001918650395,105.92740858846501,136.0898031444262
2020-12-16 00:00:00,124.85108489500905,105.06353661620899,136.13476628259994
2020-12-17 00:00:00,122.98635352492846,103.72542101268871,134.8502206228937
2020-12-18 00:00:00,123.62705922079249,103.9576782185116,135.2713723591361
2020-12-21 00:00:00,124.1312412797023,103.14958844858488,134.11430625678332
2020-12-22 00:00:00,122.19879296213942,101.1624229402477,137.14208522812322
2020-12-23 00:00:00,120.74147490705698,100.03652280777557,137.51628656919434
2020-12-24 00:00:00,121.70540807028027,101.90210064653785,139.59145087915738
2020-12-28 00:00:00,121.82728658532882,101.26614285186281,137.63443594308015
2020-12-29 00:00:00,122.94472005696788,103.25470465156607,139.8368486901862
2020-12-30 00:00:00,123.22685537368218,103.80127717660056,142.59621533061951
2021-01-04 00:00:00,122.2365314221366,103.81837593777826,143.0433261035209
2021-01-05 00:00:00,122.6474075948402,103.90776563863879,146.77332931831225
2021-01-06 00:00:00,121.16195402666665,103.92477172613536,146.20022150254164
2021-01-07 00:00:00,122.03367123798702,104.03438492867811,147.05133163062655
2021-01-08 00:00:00,124.16120450089514,105.43096870188901,147.67679463625436
2021-01-11 00:00:00,120.78415743163245,104.0332331237221,152.29353393844664
2021-01-12 00:00:00,120.74369109987937,108.23550990580628,153.4016418527059
2021-01-13 00:00:00,124.1865026512025,108.55911898947772,155.76776779602898
2021-01-14 00:00:00,124.68980019318478,111.31206620265313,162.6159500965688
2021-01-15 00:00:00,125.30619182367676,110.92853132227356,164.87357999669737
2021-01-18 00:00:00,120.97332040847459,106.75734491749537,156.33869287452978
2021-01-19 00:00:00,123.90405475998385,108.09155284203923,160.603186796337
2021-01-20 00:00:00,125.6380599136578,107.83575595464498,161.4884421822305
2021-01-21 00:00:00,125.75068071803592,108.24497793505294,162.9457528740421
2021-01-22 00:00:00,127.67444257692327,112.05945074092365,166.82399647703073
2021-01-25 00:00:00,134.62796206615408,113.14495023945446,158.7016884350896
2021-01-26 00:00:00,130.71130792909426,109.95317429189244,157.19520038867554
2021-01-27 00:00:00,128.21437027347625,108.76614723509152,155.94765567165277
2021-01-28 00:00:00,127.32479040569822,106.63419429525601,152.47735141892295
2021-01-29 00:00:00,123.56718325207032,104.40949267665177,148.3037163398292
2021-02-01 00:00:00,124.08658992054431,105.32362637289634,151.04243511831734
2021-02-02 00:00:00,127.74670425657226,105.64148795422687,152.58807987528303
2021-02-03 00:00:00,128.5664023215831,106.35125815739109,153.46902137250115
2021-02-04 00:00:00,128.99940191212465,105.7539733457902,152.43483704498792
2021-02-05 00:00:00,128.95506395654408,106.5241255124304,152.5186258001994
2021-02-08 00:00:00,130.37139590140526,108.66995369546962,157.16012458728582
2021-02-09 00:00:00,129.79215031840616,108.34621659877541,154.32223982055703
2021-02-10 00:00:00,131.569000118586,108.12073987639673,154.54587625910472
2021-02-15 00:00:00,132.93080130290116,108.53208571630397,153.27249593307664
2021-02-16 00:00:00,130.36896309438873,110.38211609016358,151.1962634484832
2021-02-17 00:00:00,128.8274687450149,109.50890796814036,148.2574772959508
2021-02-18 00:00:00,129.6314201200998,109.86933154989454,147.1085907020371
2021-02-19 00:00:00,130.69834630382485,108.57914044345624,146.8906387012304
2021-02-22 00:00:00,129.0012989013526,108.83378131551143,148.02585102492841
2021-02-23 00:00:00,132.02237008910444,113.4635253386201,149.75363075571886
2021-02-24 00:00:00,128.19974790984853,111.89532761661202,150.84764535211605
2021-02-25 00:00:00,131.3458616199994,113.89899492223027,153.86864718982685
2021-02-26 00:00:00,128.45365118614373,112.1171035317381,151.70606345422448
2021-03-02 00:00:00,127.91527373412295,112.24723425410879,148.3556581917811
2021-03-03 00:00:00,129.03072390950175,114.8069857293049,150.91518251053643
2021-03-04 00:00:00,129.06775447573247,117.35001315112565,151.40010143265934
2021-03-05 00:00:00,128.66247938701008,117.27316133207954,149.46169863675246
2021-03-08 00:00:00,127.14121200000046,114.34124006480184,147.86783657781498
2021-03-09 00:00:00,125.55455100791235,115.01341123577396,147.57020698403568
2021-03-10 00:00:00,125.7738422511568,114.41583085111797,146.25023753259964
2021-03-11 00:00:00,127.27816230417763,114.07251673389275,147.39996915032293
2021-03-12 00:00:00,128.91336037600828,114.39605754455545,148.794778286722
2021-03-15 00:00:00,129.58147647856774,117.34645798764865,150.43161655009837
2021-03-16 00:00:00,129.2078828300687,119.6923967207088,154.14572424587726
2021-03-17 00:00:00,130.66780965984114,119.84758458309439,155.91919735422312
2021-03-18 00:00:00,129.8893222302403,118.76439165043242,155.63093682145416
2021-03-19 00:00:00,128.6192432332729,118.62263167171345,154.37157449167054
2021-03-22 00:00:00,129.091700419826,119.37864417730049,152.4027581072446
2021-03-23 00:00:00,129.85133530368415,118.65425094626309,149.20467983531083
2021-03-24 00:00:00,132.24678360206354,117.38986081388103,206.2174002756215
2021-03-25 00:00:00,132.8976150019269,117.52835962102178,205.76685097579897
2021-03-26 00:00:00,131.76255003929003,116.50816725849833,212.31048034012474
2021-03-29 00:00:00,132.6344531593334,114.43111976935667,207.1691037404294
2021-03-30 00:00:00,137.129621427625,113.81629775016498,207.8264404266496
2021-03-31 00:00:00,133.7486398992696,113.84039072965231,206.88663537433007
2021-04-01 00:00:00,134.90544207036243,114.40539663579834,206.4142328439828
2021-04-02 00:00:00,134.1073371323215,113.78486309258646,206.27533195797434
2021-04-05 00:00:00,133.54117067640496,113.64501914498459,201.20864364513156
2021-04-06 00:00:00,133.57611445857972,115.08365496900433,200.08796552791392
2021-04-07 00:00:00,132.86066717598152,114.693995069146,201.094433312996
2021-04-08 00:00:00,135.10030298304304,113.21150619752723,202.6821267994543
2021-04-09 00:00:00,133.3246968540268,112.38651213597997,201.05440275426923
2021-04-12 00:00:00,133.79201238352664,111.60208941895313,199.3496237173347
2021-04-13 00:00:00,136.4788397644558,112.08811588327501,200.2128662264803
2021-04-14 00:00:00,136.4903352248254,110.79855493687054,198.2177775265544
2021-04-15 00:00:00,136.38018011756753,110.32397869167893,198.61115162154206
2021-04-16 00:00:00,135.8289045983958,109.92525951184835,198.8551668118824
2021-04-19 00:00:00,135.9584259376034,110.56865829788511,198.32379110234072
2021-04-20 00:00:00,137.14364272491443,112.10273862243103,202.98522635260463
2021-04-21 00:00:00,133.89301876128724,110.17145268107917,199.47801617652223
2021-04-22 00:00:00,132.91101497020483,109.87489785914202,199.41235627669542
2021-04-23 00:00:00,136.78272655689372,109.77814304794227,198.492898051263
2021-04-26 00:00:00,136.06390981267188,112.03259196785473,203.3076324118233
2021-04-27 00:00:00,134.06539470915442,112.14488232781277,201.28739157765688
2021-04-28 00:00:00,136.7253079706622,112.4542749417123,202.62665159918973
2021-04-29 00:00:00,137.5549968299813,113.93359424383173,201.26112737626815
2021-04-30 00:00:00,136.14023906710918,114.4130280954052,204.5820905816488
2021-05-03 00:00:00,136.48870453714952,114.3472645663626,197.9233193646714
2021-05-04 00:00:00,136.47003499991163,113.78390695549957,196.50455877830095
2021-05-06 00:00:00,138.61463749290436,115.34037914077653,203.52437671050967
2021-05-07 00:00:00,138.34667449712427,116.32746365469315,205.3458440880555
2021-05-10 00:00:00,141.2639802024236,118.71890264183679,219.27176416316522
2021-05-11 00:00:00,141.10880623611467,119.23704893208193,223.24129042888222
2021-05-12 00:00:00,139.22249992779695,117.44491984761972,220.49358940328298
2021-05-13 00:00:00,138.65608105604358,118.27322902921978,222.26957255923043
2021-05-14 00:00:00,138.90868977842592,119.01219953415452,220.8745989078862
2021-05-17 00:00:00,139.14639756109904,121.79523001675288,232.98085054717305
2021-05-18 00:00:00,139.28492865483187,121.95562606688635,227.54638739327237
2021-05-20 00:00:00,138.88089412922758,121.91726514904278,227.34434972146323
2021-05-21 00:00:00,136.49675903910938,119.0662413540047,224.22990428184576
2021-05-24 00:00:00,136.94975511167263,119.18434971216297,223.43016629122138
2021-05-25 00:00:00,138.46626429097498,125.05523555690002,234.9072777591149
2021-05-26 00:00:00,141.55670736832394,128.30692171949454,237.50880245706117
2021-05-27 00:00:00,138.79121039064339,129.27132563380442,241.23825213389728
2021-05-28 00:00:00,138.87183920252198,128.19163970225384,238.23384260397208
2021-05-31 00:00:00,140.42002298708692,133.2228631959524,239.6430351530241
2021-06-01 00:00:00,139.26896803429761,131.90910304296452,237.5913737931277
2021-06-02 00:00:00,139.16155412182573,135.06958510111457,251.85177546698534
2021-06-03 00:00:00,137.75841019912636,133.83901837158066,251.3687709952595
2021-06-04 00:00:00,137.95656517348834,130.17907923575268,250.40624871271393
2021-06-07 00:00:00,136.86604410945574,130.27943024718326,245.89936263785276
2021-06-08 00:00:00,136.76627400856722,130.52096391615845,248.4091409984507
2021-06-09 00:00:00,137.140981333997,132.0817318063111,258.0541005807866
2021-06-10 00:00:00,138.43203795619365,131.90247338934387,262.02285698350977
2021-06-11 00:00:00,137.6551287171192,131.12548698537475,264.1136769765606
2021-06-14 00:00:00,138.00757069068064,129.94319533700414,258.4142194197052
2021-06-15 00:00:00,139.63869630524886,129.11244104150407,255.10254161563205
2021-06-16 00:00:00,144.66435798727545,129.4820525814793,254.47900070104055
2021-06-17 00:00:00,144.3618760966641,130.26699566275508,254.30759859765323
2021-06-18 00:00:00,145.18604769754555,128.56389358162266,249.25297370996398
2021-06-21 00:00:00,144.91040933788804,125.38035634820372,242.48805692633888
2021-06-22 00:00:00,144.37126188066722,126.84010033132273,241.80708015097977
2021-06-23 00:00:00,141.0361969421657,125.16406753155209,239.8681778580173
2021-06-24 00:00:00,141.7796093257535,124.44755758121447,237.35018924009768
2021-06-25 00:00:00,141.64031091893196,126.05035061536631,240.33381556526393
2021-06-28 00:00:00,140.45673641947073,125.18165152942325,236.72583719131967
2021-06-29 00:00:00,140.86549585429162,124.62745459979826,237.05982131260632
2021-06-30 00:00:00,140.26657150103702,124.06707919457764,236.83345122003107
2021-07-01 00:00:00,139.8803426445809,123.41589193296079,235.330436659621
2021-07-02 00:00:00,138.36488406655212,123.51080656781899,235.33190603417125
2021-07-05 00:00:00,138.82631610942306,123.90884813210936,239.77456721810825
2021-07-06 00:00:00,139.08021149624713,126.02559400366175,241.99794136200717
2021-07-07 00:00:00,138.17046338311894,121.8121149543683,236.53107633498968
2021-07-08 00:00:00,139.0932769605362,119.10633222249692,231.59531794756174
2021-07-09 00:00:00,135.4276858229331,117.80897730945601,225.95306252984733
2021-07-12 00:00:00,136.16133453545234,119.4672247551249,229.97460318828314
2021-07-13 00:00:00,137.25924526203278,121.32620262292413,232.1400146999443
2021-07-14 00:00:00,135.16671184869008,118.92093896966769,229.508279218402
2021-07-15 00:00:00,135.7136472866116,120.60345453662302,230.99155006214812
2021-07-16 00:00:00,136.29434756319796,120.8414125368678,233.89009989342568
2021-07-19 00:00:00,135.08751185009902,119.41935790734648,228.91002270521085
2021-07-20 00:00:00,134.27201140540225,118.63320631127321,225.78738541114737
2021-07-21 00:00:00,133.838280644995,117.95197617529303,227.89942335775334
2021-07-22 00:00:00,131.30535848883687,121.72328431671613,231.04701860764183
2021-07-23 00:00:00,125.73658289082191,120.8166233064603,230.7856322122671
2021-07-26 00:00:00,123.4791026219055,118.67562920342769,228.69281827847803
2021-07-27 00:00:00,123.76516981098231,119.7315256343277,231.61684706924243
2021-07-28 00:00:00,124.49906373163024,119.4921426284835,230.54168928192857
2021-07-29 00:00:00,122.61581451308783,120.42544186991549,230.4458616136326
2021-07-30 00:00:00,119.72766994164643,119.08840541961642,227.61379463083586
2021-08-02 00:00:00,119.43539266637764,118.54572257987269,225.91495242542393
2021-08-03 00:00:00,119.27239458271389,119.05546859655286,226.2213320729431
2021-08-04 00:00:00,121.53758430407761,122.26402691201986,235.992751107411
2021-08-05 00:00:00,122.26491063769163,121.55009923704698,233.00566743959556
2021-08-06 00:00:00,121.45880644635095,122.70316439546261,233.6077024249794
2021-08-09 00:00:00,120.44655014894803,121.89818208826462,230.99776605712793
2021-08-10 00:00:00,119.66238732892798,120.52531567352366,230.35444602777505
2021-08-11 00:00:00,118.33458764435119,121.81722719298875,230.1530257430942
2021-08-12 00:00:00,118.54836691023569,121.03101362228502,228.93587270406533
2021-08-13 00:00:00,118.47269454494244,118.48827960587802,227.53758194138882
2021-08-17 00:00:00,118.37727827964233,114.78314177243571,220.01350624067854
2021-08-18 00:00:00,119.20968903040622,116.30136687497898,222.86696448311355
2021-08-19 00:00:00,116.92482872231909,111.29959855784814,215.90158079224815
2021-08-20 00:00:00,115.8205073334151,110.57793835506817,210.6921267176607
2021-08-23 00:00:00,116.36835350315604,113.35966144493688,219.91375457006987
2021-08-24 00:00:00,119.71189169006233,118.28517298455073,230.48626636459133
2021-08-25 00:00:00,118.61111475910381,119.10088908143545,233.95864598759402
2021-08-26 00:00:00,117.18876525747797,119.84001821879747,234.20676300409576
2021-08-27 00:00:00,118.35562351475527,119.78072514618492,235.41624226408814
2021-08-30 00:00:00,117.76927217556403,121.0661913140363,240.86175972744948
2021-08-31 00:00:00,120.53075735695722,121.14229187385132,241.26625011844962
2021-09-01 00:00:00,120.58722666562349,122.01137489568478,242.08615483089596
2021-09-02 00:00:00,120.33146793718971,122.98978238118534,238.12683625238336
2021-09-03 00:00:00,119.07499201545689,123.30670808631365,240.69328159789958
2021-09-06 00:00:00,118.77652554867674,122.67850911352332,241.45218198584772
2021-09-07 00:00:00,119.96739540670474,123.8181653123694,239.10411586287745
2021-09-08 00:00:00,113.82118226315447,123.85562454210408,236.95045092721773
2021-09-09 00:00:00,109.7858284036253,120.86103528965295,233.30804930803058
2021-09-10 00:00:00,110.6564386185377,122.57117965733342,237.96986287139234
2021-09-13 00:00:00,109.4529286520491,121.63395381282791,238.54527390596715
2021-09-14 00:00:00,110.18412507657207,125.03453878082725,247.58877011512737
2021-09-15 00:00:00,110.42225417634755,125.2213057942237,247.8613558147148
2021-09-16 00:00:00,109.62196058420959,124.41707917747682,244.2568769804991
2021-09-17 00:00:00,108.65841606126297,124.90151686569276,248.25826463695458
2021-09-23 00:00:00,107.23232309118306,125.48884670982294,258.7880196813303
2021-09-24 00:00:00,106.20520279030816,124.74561225889948,257.1578560076199
2021-09-27 00:00:00,106.69172418203372,124.49041641364478,255.9963115437613
2021-09-28 00:00:00,105.27415810398249,125.10336069701789,253.03604629167845
2021-09-29 00:00:00,105.3967722382459,125.21678742959277,250.55384565878228
2021-09-30 00:00:00,105.24916971712999,125.02144267480378,251.89504620804658
2021-10-01 00:00:00,103.26806530689585,123.1949719664489,249.18852599620368
2021-10-05 00:00:00,104.59049629671446,127.8744793850231,250.2389245532263
2021-10-06 00:00:00,103.7149305714878,124.56663171001883,235.99154448496012
2021-10-07 00:00:00,107.40616530723479,126.03909534185973,240.0626778759174
2021-10-08 00:00:00,107.49643460589229,125.41892449617859,234.9409468897334
2021-10-12 00:00:00,103.52462897005242,124.96895248700936,234.15408280886058
2021-10-13 00:00:00,103.83482543052655,126.35818997985095,233.71354267553946
2021-10-14 00:00:00,106.30309740000543,127.15987712468251,233.18978370951965
2021-10-15 00:00:00,108.24305272972761,128.85637765369555,235.0422237784315
2021-10-18 00:00:00,107.27632068489595,128.35441033694036,232.30569001472853
2021-10-19 00:00:00,108.53497443986942,127.67009520477035,230.28572941156474
2021-10-20 00:00:00,109.86692762471432,126.0984038902548,229.12223877659636
2021-10-21 00:00:00,108.41569784805813,126.17882192910625,227.5977098225491
2021-10-22 00:00:00,107.53734883973158,125.19686305788859,227.76364363647957
2021-10-25 00:00:00,109.63260292061612,127.74949797020223,235.24510941953127
2021-10-26 00:00:00,107.0747738382225,127.6396242189819,235.5190250331798
2021-10-27 00:00:00,100.78513180721703,125.5102333759878,231.23414789796732
2021-10-28 00:00:00,99.07856728618344,123.04307155523804,230.69261039801887
2021-10-29 00:00:00,97.61525584547661,122.42252034235533,226.10282600742414
2021-11-01 00:00:00,100.7175585700107,119.59780038881982,226.24269749262118
2021-11-02 00:00:00,101.57865886652272,119.54854601527292,229.34403930686784
2021-11-03 00:00:00,101.66715522914738,116.63752930176628,224.40801181120173
2021-11-04 00:00:00,101.72525395211053,116.4255006678246,225.19408876330363
2021-11-05 00:00:00,100.8717044744555,114.76402730122234,224.14413270993668
2021-11-08 00:00:00,100.5541195410946,118.57771380628814,231.2997576569769
2021-11-09 00:00:00,100.27003705513056,118.56746892516163,231.40067139708273
2021-11-10 00:00:00,97.5755828119341,116.66346245759516,228.30444696824927
2021-11-11 00:00:00,97.92049399423065,115.55161618468743,227.01499778904903
2021-11-12 00:00:00,99.46360688281698,116.2980544846156,230.5964533201615
2021-11-15 00:00:00,99.09752079099317,115.36682715079152,230.04515351003988
2021-11-16 00:00:00,99.66079862289898,114.44236924408328,228.6725811637421
2021-11-17 00:00:00,97.87494200391185,112.04666084614156,222.69181452113855
2021-11-18 00:00:00,95.8130023961466,109.85481317882196,219.89671962590322
2021-11-19 00:00:00,95.91491650110567,110.33854199039894,223.2820688450004
2021-11-22 00:00:00,95.90375106029524,109.42758339091286,220.85521452013302
2021-11-23 00:00:00,95.32200238887091,109.66517554308012,219.38719206057132
2021-11-24 00:00:00,94.63861124850669,108.48885217788147,216.46891115152576
2021-11-25 00:00:00,94.64752913022497,106.88667375105005,213.41831828279308
2021-11-26 00:00:00,92.5285666338282,103.6176924471191,205.8079140405033
2021-11-29 00:00:00,91.14568247736314,100.36373095350746,201.29140895478272
2021-11-30 00:00:00,86.89596956645642,97.3188389258328,200.92374062196336
2021-12-01 00:00:00,89.52627720223273,99.81074211782267,207.73823978425892
2021-12-02 00:00:00,93.41226791729788,101.11339929062484,211.59785017693304
2021-12-03 00:00:00,94.49796840348861,104.8580832013911,216.49727301848824
2021-12-06 00:00:00,95.83644976882248,105.7126869819245,220.7105095164334
2021-12-07 00:00:00,96.59597254724953,107.50259427746806,224.33289294938135
2021-12-08 00:00:00,94.46442827072582,106.71528959576553,223.988924813679
2021-12-09 00:00:00,96.29602597464806,108.97231796722606,229.1452076559384
2021-12-10 00:00:00,96.27786295741868,107.48006135985338,226.94600028650478
2021-12-13 00:00:00,95.35585736756336,106.40210240217797,225.67793854470892
2021-12-14 00:00:00,95.88400446384439,105.73684634101532,223.10752883817392
2021-12-15 00:00:00,98.09839816954052,105.56146244852052,223.06435017849213
2021-12-16 00:00:00,95.33058033192327,104.72671706646395,222.43789355795712
2021-12-17 00:00:00,95.34236765213113,105.47679015968932,224.45493032638984
2021-12-20 00:00:00,93.6838581289189,102.90221862571633,219.68621235533084
2021-12-21 00:00:00,93.56348643004281,103.62128961305903,220.7779106224701
2021-12-22 00:00:00,93.37132176079305,106.47445497528017,223.39630504134408
2021-12-23 00:00:00,93.54361673302022,106.44554655116616,219.46702151810723
2021-12-24 00:00:00,93.39751932436803,107.16774710212846,219.1568704028464
2021-12-27 00:00:00,93.65095435442213,106.62812892166403,216.55415448624322
2021-12-28 00:00:00,94.06579964907374,107.1559809992796,221.0976747172457
2021-12-29 00:00:00,92.91007213788566,108.13477525625315,227.07504743884434
2021-12-30 00:00:00,90.7217165375736,106.99610172117443,223.87255883670144
2022-01-03 00:00:00,91.40227683215436,107.65691923035037,226.0812945860221
2022-01-04 00:00:00,91.14121442536609,106.73755467165304,222.68602977304846
2022-01-05 00:00:00,88.97797372660432,106.21301774033729,219.61881322039275
2022-01-06 00:00:00,89.57440990202966,106.58251104294487,216.32558334528161
2022-01-07 00:00:00,89.9726275147858,108.03085014548255,217.65994623970357
2022-01-10 00:00:00,81.93206189389649,106.06071639422163,214.62508422955082
2022-01-11 00:00:00,81.40906355461975,106.25451307116256,213.39516251025157
2022-01-12 00:00:00,81.97790671498582,107.27781347022878,216.17133775415635
2022-01-13 00:00:00,82.92332267028027,110.8787087397915,216.8771643531311
2022-01-14 00:00:00,82.54764828414417,110.0230046971021,217.78046313908607
2022-01-17 00:00:00,81.17623053038112,109.21180563620632,212.7154193784313
2022-01-18 00:00:00,80.86964772162695,107.69003451862807,210.5528995615551
2022-01-19 00:00:00,80.878288071851,107.25277962308122,207.75378426777863
2022-01-20 00:00:00,83.09334709047553,107.89850894303595,210.17224529562574
2022-01-21 00:00:00,84.20542212804351,108.07720544673107,208.23399383146665
2022-01-24 00:00:00,82.2493407567554,105.36699489247128,202.47595553738003
2022-01-25 00:00:00,80.31727786618232,102.25225663535275,196.74800819443277
2022-01-26 00:00:00,81.21098256104843,103.11132263815415,202.1331030530475
2022-01-27 00:00:00,80.22569162780191,99.73545695227,196.21966195110787
2022-01-28 00:00:00,82.67777184566833,103.73526453714807,206.00377823601565
2022-02-03 00:00:00,82.94293091496147,104.92579017972463,209.2223419830212
2022-02-04 00:00:00,84.45487847357779,111.5945928816692,219.8857200547882
2022-02-07 00:00:00,83.9434697421174,112.05315746631923,222.1877061751822
2022-02-08 00:00:00,83.4272249517074,111.8483725285553,224.53933989342562
2022-02-09 00:00:00,84.76604549232269,112.99312271710656,228.9002542105484
2022-02-10 00:00:00,87.98462119619887,112.78478009524721,228.03192453843778
2022-02-11 00:00:00,85.95166297710868,114.36217572218959,227.39857782379804
2022-02-14 00:00:00,85.85230905661979,112.29240315231151,226.13106939917395
2022-02-15 00:00:00,88.12867351232234,111.4700185109719,219.1573827857436
2022-02-16 00:00:00,88.76171288388828,114.90966757604157,226.6673397076645
2022-02-17 00:00:00,92.27868128521509,114.97756267305996,225.09566980483547
2022-02-18 00:00:00,93.80206899069098,114.22033284544464,224.6118190675526
2022-02-21 00:00:00,93.21257806029377,116.59408401329566,226.02742351798156
2022-02-22 00:00:00,92.26388740801505,114.53155204425781,222.76586502072638
2022-02-23 00:00:00,90.28124324747944,114.28642214880476,222.09261383641143
2022-02-24 00:00:00,88.79359766531074,111.52650356308268,214.8089853459925
2022-02-25 00:00:00,87.71729700243765,113.49832013893113,215.70426425952203
2022-02-28 00:00:00,89.21990876140474,114.57841201313579,217.79654088932122
